image	type	mode	inode	offset	size	crc32	path	target	extracted_path
image-8	directory	40755	1	0	0	0			
image-8	file	100555	3758096386	3824	585728	ccfdd73	proc/boot/procnto-instr		image-8/proc/boot/procnto-instr
image-8	file	100666	3	589552	5308	5052129	proc/boot/.script		image-8/proc/boot/.script
image-8	symlink	121777	4	0	0	0	bin/sh	/bin/ksh	
image-8	symlink	121777	5	0	0	0	dev/console	/dev/ser1	
image-8	symlink	121777	6	0	0	0	tmp	/dev/shmem	
image-8	file	100555	3221225479	618224	490310	3fdf511d	lib/libc.so.3		image-8/lib/libc.so.3
image-8	symlink	120555	3221225480	0	0	0	lib/libc.so	libc.so.3	
image-8	file	100555	3221225481	1142512	21865	70f304e3	lib/dll/spi-dm816x.so		image-8/lib/dll/spi-dm816x.so
image-8	file	100555	3221225482	1167088	14393	6f21ea5e	lib/dll/libfram.so		image-8/lib/dll/libfram.so
image-8	file	101555	2147483659	1208048	232975	4e9df2ad	bin/ksh		image-8/bin/ksh
image-8	file	101555	2147483660	1441520	8554	e0556b7d	bin/echo		image-8/bin/echo
image-8	file	101555	2147483661	1453808	9339	165cdc80	bin/cat		image-8/bin/cat
image-8	file	101555	2147483662	1466096	24737	730b8e7b	bin/waitfor		image-8/bin/waitfor
image-8	file	101555	2147483663	1494768	14849	df5687c8	bin/watchdog_app		image-8/bin/watchdog_app
image-8	file	101555	2147483664	1511152	12861	ddb21f83	bin/rm		image-8/bin/rm
image-8	file	101555	17	1527536	4712	6d86c5	bin/bootmode.sh		image-8/bin/bootmode.sh
image-8	file	101555	2147483666	1535728	71950	ca37af2d	sbin/devc-pty		image-8/sbin/devc-pty
image-8	file	101555	2147483667	1609456	21275	817838fe	sbin/pipe		image-8/sbin/pipe
image-8	file	101555	2147483668	1634032	14485	5082c15a	sbin/spi-master		image-8/sbin/spi-master
image-8	file	101555	2147483669	1650416	15765	d198e1a4	usr/bin/dev-memory		image-8/usr/bin/dev-memory
image-8	file	101555	2147483670	1666800	41414	f3532056	usr/bin/dev-mmap		image-8/usr/bin/dev-mmap
image-8	file	101555	2147483671	1711856	25028	c6245326	usr/bin/dev-gpio		image-8/usr/bin/dev-gpio
image-8	file	101555	2147483672	1797872	99144	2a01a919	usr/bin/memifs_j5		image-8/usr/bin/memifs_j5
image-8	file	101555	2147483673	1900272	17150	6bfa1811	usr/bin/adjustImageState		image-8/usr/bin/adjustImageState
image-8	file	101555	2147483674	1920752	13156	fc8b2527	usr/bin/v850persistence		image-8/usr/bin/v850persistence
image-8	file	101555	2147483675	1937136	14856	8cd9307e	usr/bin/verifyISO		image-8/usr/bin/verifyISO
image-8	file	101555	2147483676	1953520	9256	2aae317f	usr/bin/hashFile		image-8/usr/bin/hashFile
image-8	file	101555	29	1965808	271	174b0cb1	usr/bin/reset		image-8/usr/bin/reset
image-8	file	101555	30	1969904	3250	8e7a0fb8	usr/bin/dev-ipc.sh		image-8/usr/bin/dev-ipc.sh
image-8	file	101555	2147483679	1974000	9971	8945e963	usr/bin/usbSquelch		image-8/usr/bin/usbSquelch
image-8	file	101555	2147483680	1986288	15111	6d3541cd	usr/sbin/slogger		image-8/usr/sbin/slogger
image-8	file	101555	2147483681	2002672	8173	3da09594	usr/sbin/io		image-8/usr/sbin/io
image-8	file	101555	2147483682	2060016	148872	ad42f71b	usr/sbin/dev-avclan		image-8/usr/sbin/dev-avclan
image-8	file	100666	35	2211568	0	0	etc/HwAlpha		image-8/etc/HwAlpha
image-8	file	100666	36	2211568	4	83c3533d	etc/product_type		image-8/etc/product_type
image-8	file	100444	37	2215664	182	d048dfd9	etc/keys/swdl.pub		image-8/etc/keys/swdl.pub
image-8	file	100444	38	2219760	182	5a4e0ae	etc/keys/nng.pub		image-8/etc/keys/nng.pub
image-8	file	100444	39	2223856	182	bfee5db1	etc/keys/apps.pub		image-8/etc/keys/apps.pub
image-8	file	100444	40	2227952	182	92036a97	etc/keys/apps-eu.pub		image-8/etc/keys/apps-eu.pub
image-8	file	100444	41	2232048	2101	964db2b2	etc/system/config/mmap_fram.cfg		image-8/etc/system/config/mmap_fram.cfg
image-8	file	100444	42	2236144	908	4ef9ce8f	etc/system/config/nand_partition.txt		image-8/etc/system/config/nand_partition.txt
image-8	file	100444	43	2240240	1241	bbbab359	etc/system/config/gpio-toyota.conf		image-8/etc/system/config/gpio-toyota.conf
image-8	file	101777	44	2244336	610	89de1d25	usr/bin/mcd.sh		image-8/usr/bin/mcd.sh
image-8	file	101777	45	2248432	398	9d0f84c9	usr/bin/loadPrimaryPart2ifs.sh		image-8/usr/bin/loadPrimaryPart2ifs.sh
image-8	file	101777	46	2252528	393	b8a318d	usr/bin/loadsecondaryifs.sh		image-8/usr/bin/loadsecondaryifs.sh
image-8	file	101777	47	2256624	178	3eb66ca7	usr/bin/showSplashScreen.sh		image-8/usr/bin/showSplashScreen.sh
image-120000	directory	40755	1	0	0	0			
image-120000	file	100444	79	4688	0	0	etc/openssl/openssl.cnf		image-120000/etc/openssl/openssl.cnf
image-120000	directory	40777	63	0	0	0	etc/system/enum/include		
image-120000	directory	40777	58	0	0	0	etc/system/enum/devices/usb		
image-120000	directory	40777	57	0	0	0	etc/system/enum/devices		
image-120000	directory	40777	55	0	0	0	etc/system/enum		
image-120000	symlink	121777	27	0	0	0	usr/lib/libcrypto.so.1	libcrypto.so.2	
image-120000	symlink	121777	26	0	0	0	usr/lib/libcrypto.so	libcrypto.so.2	
image-120000	symlink	121777	25	0	0	0	usr/lib/libcrypto.so.0.9.8	libcrypto.so.2	
image-120000	symlink	121777	23	0	0	0	usr/lib/libssl.so.1	libssl.so.2	
image-120000	symlink	121777	22	0	0	0	usr/lib/libssl.so	libssl.so.2	
image-120000	symlink	121777	21	0	0	0	usr/lib/libssl.so.0.9.8	libssl.so.2	
image-120000	file	100444	77	4688	12261	27aa10f	etc/system/config/authenticationServiceKeyFile.json		image-120000/etc/system/config/authenticationServiceKeyFile.json
image-120000	file	100444	50	16949	3695	478a06ae	etc/mcdLossless.conf		image-120000/etc/mcdLossless.conf
image-120000	file	100444	49	20644	3643	c9643011	etc/mcd.conf		image-120000/etc/mcd.conf
image-120000	file	100444	74	24287	2324	52c8b1b0	etc/system/enum/include/pnpbios-types		image-120000/etc/system/enum/include/pnpbios-types
image-120000	file	100444	75	26611	2274	78a5c50a	etc/system/enum/include/usb-class		image-120000/etc/system/enum/include/usb-class
image-120000	file	100444	67	28885	1866	7745b2b8	etc/system/enum/include/isa-types		image-120000/etc/system/enum/include/isa-types
image-120000	file	100444	72	30751	1698	4af41810	etc/system/enum/include/pci-class		image-120000/etc/system/enum/include/pci-class
image-120000	file	100444	59	32449	1522	d4c0d616	etc/system/enum/devices/usb/char		image-120000/etc/system/enum/devices/usb/char
image-120000	file	100444	73	33971	1447	18e6bf5a	etc/system/enum/include/pci-vendors		image-120000/etc/system/enum/include/pci-vendors
image-120000	file	100444	76	35418	1026	4725bd34	etc/system/config/cacheflags.conf		image-120000/etc/system/config/cacheflags.conf
image-120000	file	100444	51	36444	917	5afb3001	etc/enum-usb.conf		image-120000/etc/enum-usb.conf
image-120000	file	100444	53	37361	885	575894f4	etc/mcdntfs.mnt		image-120000/etc/mcdntfs.mnt
image-120000	file	100444	60	38246	794	4676fec7	etc/system/enum/devices/usb/ipod		image-120000/etc/system/enum/devices/usb/ipod
image-120000	file	100444	52	39040	766	93e30d17	etc/mcd.mnt		image-120000/etc/mcd.mnt
image-120000	file	100444	69	39806	423	32f78c68	etc/system/enum/include/par-class		image-120000/etc/system/enum/include/par-class
image-120000	file	100444	61	40229	381	345e922d	etc/system/enum/devices/usb/mass		image-120000/etc/system/enum/devices/usb/mass
image-120000	file	100444	70	40610	287	2c0005e3	etc/system/enum/include/pccard-types		image-120000/etc/system/enum/include/pccard-types
image-120000	file	100444	56	40897	278	5e044aa3	etc/system/enum/common		image-120000/etc/system/enum/common
image-120000	file	100444	62	41175	224	e05f7d12	etc/system/enum/devices/usb/mtp		image-120000/etc/system/enum/devices/usb/mtp
image-120000	file	100444	65	41399	149	45186217	etc/system/enum/include/block		image-120000/etc/system/enum/include/block
image-120000	file	100444	71	41548	132	e61aaec5	etc/system/enum/include/pccard-vendors		image-120000/etc/system/enum/include/pccard-vendors
image-120000	file	100444	68	41680	81	fafbfdb9	etc/system/enum/include/net		image-120000/etc/system/enum/include/net
image-120000	file	100444	66	41761	76	99dba97f	etc/system/enum/include/graphics		image-120000/etc/system/enum/include/graphics
image-120000	file	100444	64	41837	69	ce1d4096	etc/system/enum/include/audio		image-120000/etc/system/enum/include/audio
image-120000	file	100444	54	41906	59	6d180ad9	etc/powervr.ini		image-120000/etc/powervr.ini
image-120000	file	100666	78	41965	21	8a43d28a	etc/system/config/authenticationServiceProductID		image-120000/etc/system/config/authenticationServiceProductID
image-120000	file	100555	3221225474	65536	347752	98ddfa58	lib/libcpp.so.4		image-120000/lib/libcpp.so.4
image-120000	symlink	120555	3221225475	0	0	0	lib/libcpp.so	libcpp.so.4	
image-120000	file	100555	3221225476	458752	159537	a2114099	lib/libm.so.2		image-120000/lib/libm.so.2
image-120000	symlink	120555	3221225477	0	0	0	lib/libm.so	libm.so.2	
image-120000	file	100555	3221225478	655360	186766	9850657e	lib/libsocket.so.2		image-120000/lib/libsocket.so.2
image-120000	symlink	120555	3221225479	0	0	0	lib/libsocket.so	libsocket.so.2	
image-120000	file	100555	3221225480	851968	179441	796c1e3a	lib/libsocket.so.3		image-120000/lib/libsocket.so.3
image-120000	file	100555	3221225481	1032192	48115	d26cc22e	lib/libusbdi.so		image-120000/lib/libusbdi.so
image-120000	file	100555	3221225482	1081344	48115	f3f473ac	lib/libusbdi.so.2		image-120000/lib/libusbdi.so.2
image-120000	file	100555	3221225483	1130496	85638	f8e1cab6	lib/libcam.so.2		image-120000/lib/libcam.so.2
image-120000	symlink	120555	3221225484	0	0	0	lib/libcam.so	libcam.so.2	
image-120000	file	100555	3221225485	1216512	66779	fc4bcb2b	lib/dll/devu-dm816x-mg.so		image-120000/lib/dll/devu-dm816x-mg.so
image-120000	file	100555	3221225486	1286144	62282	7304e044	lib/dll/fs-cd.so		image-120000/lib/dll/fs-cd.so
image-120000	file	100555	3221225487	1351680	94728	cc87a78d	lib/dll/fs-dos.so		image-120000/lib/dll/fs-dos.so
image-120000	file	100555	3221225488	1449984	18384	45877e08	lib/dll/cam-disk.so		image-120000/lib/dll/cam-disk.so
image-120000	file	100555	3221225489	1470464	23828	4d177046	lib/dll/cam-cdrom.so		image-120000/lib/dll/cam-cdrom.so
image-120000	file	100555	3221225490	1495040	210838	f0e1f0e1	lib/dll/io-blk.so		image-120000/lib/dll/io-blk.so
image-120000	file	100555	3221225491	1708032	51230	a52c4832	lib/dll/fs-nt.so		image-120000/lib/dll/fs-nt.so
image-120000	file	100555	3221225492	1761280	397110	a25360a2	usr/lib/libssl.so.2		image-120000/usr/lib/libssl.so.2
image-120000	file	100555	3221225496	2158592	1620289	bc56fce1	usr/lib/libcrypto.so.2		image-120000/usr/lib/libcrypto.so.2
image-120000	file	100555	3221225500	3780608	61135	be5de870	usr/lib/libcares.so.1		image-120000/usr/lib/libcares.so.1
image-120000	symlink	120555	3221225501	0	0	0	usr/lib/libcares.so	libcares.so.1	
image-120000	file	100555	3221225502	3842048	610228	50c85d7e	usr/lib/libSecurityComponentAPI.so.1		image-120000/usr/lib/libSecurityComponentAPI.so.1
image-120000	symlink	120555	3221225503	0	0	0	usr/lib/libSecurityComponentAPI.so	libSecurityComponentAPI.so.1	
image-120000	file	100555	3221225504	4452352	8708	c1b2a46b	usr/lib/libkalman.so.1		image-120000/usr/lib/libkalman.so.1
image-120000	symlink	120555	3221225505	0	0	0	usr/lib/libkalman.so	libkalman.so.1	
image-120000	file	100555	3221225506	4464640	9004	f0d6dfd9	usr/lib/graphics/jacinto5/libwfdcfg.so.0		image-120000/usr/lib/graphics/jacinto5/libwfdcfg.so.0
image-120000	symlink	120555	3221225507	0	0	0	usr/lib/graphics/jacinto5/libwfdcfg-j5-modelib-shim.so	libwfdcfg.so.0	
image-120000	file	101555	2147483684	4476928	7021	46df8216	bin/sync		image-120000/bin/sync
image-120000	file	101555	2147483685	4485120	17863	46e09926	bin/mount		image-120000/bin/mount
image-120000	file	101555	2147483686	4505600	73459	1aa59b3a	sbin/devc-seromap		image-120000/sbin/devc-seromap
image-120000	file	101555	2147483687	4579328	130938	716e637	sbin/io-usb		image-120000/sbin/io-usb
image-120000	file	101555	2147483688	4710400	33978	a007198e	sbin/enum-devices		image-120000/sbin/enum-devices
image-120000	file	101555	2147483689	4747264	22703	289e3632	sbin/enum-usb		image-120000/sbin/enum-usb
image-120000	file	101555	2147483690	4771840	46866	7df29a57	sbin/devb-umass		image-120000/sbin/devb-umass
image-120000	file	101555	2147483691	4820992	31088	d976569a	usr/bin/WatchdogService		image-120000/usr/bin/WatchdogService
image-120000	file	101555	2147483692	4853760	484529	9ffef9f8	usr/bin/openssl		image-120000/usr/bin/openssl
image-120000	file	101555	2147483693	5341184	47312	306c3274	usr/bin/isodigest		image-120000/usr/bin/isodigest
image-120000	file	101555	2147483694	5390336	39293	e6d4056	usr/bin/mcd		image-120000/usr/bin/mcd
image-120000	file	101555	2147483695	5431296	8764	2790597e	usr/bin/inject		image-120000/usr/bin/inject
image-120000	file	101555	2147483696	5443584	8698	1b041b6c	usr/bin/sleep		image-120000/usr/bin/sleep
image-380000	directory	40755	1	0	0	0			
image-380000	directory	40777	548	0	0	0	etc/ppp/peers		
image-380000	directory	40777	543	0	0	0	etc/ppp		
image-380000	empty-file-directory-marker	100666	542	36192	0	0	etc/dbus-1/session.d/		
image-380000	file	100666	493	36192	0	0	proc/boot/server.cfg		image-380000/proc/boot/server.cfg
image-380000	directory	40777	477	0	0	0	usr/share/tracescopes/servicescopes		
image-380000	directory	40777	468	0	0	0	usr/share/tracescopes/hmiscopes		
image-380000	directory	40777	465	0	0	0	usr/share/tracescopes/defaults		
image-380000	directory	40777	464	0	0	0	usr/share/tracescopes		
image-380000	directory	40777	448	0	0	0	usr/share/lua/ToyotaWifiSvcPAL		
image-380000	directory	40777	443	0	0	0	usr/share/lua/ssl		
image-380000	directory	40777	436	0	0	0	usr/share/lua/socket		
image-380000	directory	40777	434	0	0	0	usr/share/lua/services/ContactBackup		
image-380000	directory	40777	433	0	0	0	usr/share/lua/services		
image-380000	directory	40777	427	0	0	0	usr/share/lua/service/TunerService		
image-380000	directory	40777	404	0	0	0	usr/share/lua/service/toyotamanager		
image-380000	directory	40777	402	0	0	0	usr/share/lua/service/toyotaConnMgr		
image-380000	directory	40777	400	0	0	0	usr/share/lua/service/timeMgr		
image-380000	directory	40777	398	0	0	0	usr/share/lua/service/SimpleHandsFree		
image-380000	directory	40777	396	0	0	0	usr/share/lua/service/SetupService		
image-380000	directory	40777	393	0	0	0	usr/share/lua/service/ota		
image-380000	directory	40777	391	0	0	0	usr/share/lua/service/diagnostics		
image-380000	directory	40777	389	0	0	0	usr/share/lua/service/bluetooth/utils		
image-380000	directory	40777	378	0	0	0	usr/share/lua/service/bluetooth/containers		
image-380000	directory	40777	371	0	0	0	usr/share/lua/service/bluetooth		
image-380000	directory	40777	369	0	0	0	usr/share/lua/service/avclanLogger		
image-380000	directory	40777	368	0	0	0	usr/share/lua/service		
image-380000	directory	40777	365	0	0	0	usr/share/lua/pm		
image-380000	directory	40777	351	0	0	0	usr/share/lua/connmgr		
image-380000	directory	40777	350	0	0	0	usr/share/lua/		
image-380000	directory	40777	340	0	0	0	usr/lib/lua/socket		
image-380000	directory	40777	335	0	0	0	usr/lib/lua/omap		
image-380000	directory	40777	333	0	0	0	usr/lib/lua/mime		
image-380000	directory	40777	324	0	0	0	usr/lib/lua		
image-380000	symlink	121777	117	0	0	0	usr/lib/libcurl.so.5	libcurl.so.2	
image-380000	directory	40777	32	0	0	0	lib/air/runtimeSDK/Adobe AIR/Versions/1.0		
image-380000	directory	40777	31	0	0	0	lib/air/runtimeSDK/Adobe AIR/Versions		
image-380000	directory	40777	30	0	0	0	lib/air/runtimeSDK/Adobe AIR		
image-380000	file	100444	546	36192	594	3d12413f	etc/ppp/options.connmgr		image-380000/etc/ppp/options.connmgr
image-380000	file	100444	203	36786	78	9f206bd3	usr/bin/nav/ON/onipc.hbtc		image-380000/usr/bin/nav/ON/onipc.hbtc
image-380000	file	100555	3221225474	36864	121032	955ca0d0	lib/libecpp-ne.so.4		image-380000/lib/libecpp-ne.so.4
image-380000	file	100666	418	157896	1771	535f378c	usr/share/lua/service/toyotamanager/ndr.lua		image-380000/usr/share/lua/service/toyotamanager/ndr.lua
image-380000	file	101777	299	159667	69	693c1e59	usr/bin/bttestClient		image-380000/usr/bin/bttestClient
image-380000	file	100666	463	159736	5	2e8a2d9d	etc/ftpusers		image-380000/etc/ftpusers
image-380000	symlink	120555	3221225475	0	0	0	lib/libecpp-ne.so	libecpp-ne.so.4	
image-380000	file	100555	3221225476	159744	328643	d2861b56	lib/libcpp-ne.so.4		image-380000/lib/libcpp-ne.so.4
image-380000	file	100666	406	488387	3124	64c92bce	usr/share/lua/service/toyotamanager/audioClient.lua		image-380000/usr/share/lua/service/toyotamanager/audioClient.lua
image-380000	symlink	120555	3221225477	0	0	0	lib/libcpp-ne.so	libcpp-ne.so.4	
image-380000	file	100555	3221225478	491520	149136	74426564	lib/libasound.so.2		image-380000/lib/libasound.so.2
image-380000	file	100666	422	640656	2411	b21c5402	usr/share/lua/service/toyotamanager/swupdateclient.lua		image-380000/usr/share/lua/service/toyotamanager/swupdateclient.lua
image-380000	symlink	120555	3221225479	0	0	0	lib/libasound.so	libasound.so.2	
image-380000	file	100555	3221225480	643072	18375	aef47e0d	lib/libpps.so.1		image-380000/lib/libpps.so.1
image-380000	file	100444	212	661447	2100	7acdcb2d	boot/scripts/nav.sh		image-380000/boot/scripts/nav.sh
image-380000	symlink	120555	3221225481	0	0	0	lib/libpps.so	libpps.so.1	
image-380000	file	100555	3221225482	663552	262260	665a2d08	lib/libdbus-1.so.3		image-380000/lib/libdbus-1.so.3
image-380000	file	100666	584	925812	3922	711bd8b1	usr/share/connmgr/RouteHistory_InitHdlr.lua		image-380000/usr/share/connmgr/RouteHistory_InitHdlr.lua
image-380000	file	100444	535	929734	53	325a15d8	etc/splash.conf		image-380000/etc/splash.conf
image-380000	symlink	120555	3221225483	0	0	0	lib/libdbus-1.so	libdbus-1.so.3	
image-380000	file	100555	3221225484	929792	158026	53652cb3	lib/libjsoncpp.so.1		image-380000/lib/libjsoncpp.so.1
image-380000	file	100444	211	1087818	1689	a338e86f	boot/scripts/media.sh		image-380000/boot/scripts/media.sh
image-380000	file	100444	507	1089507	26	6ef16c7d	etc/ttys		image-380000/etc/ttys
image-380000	symlink	120555	3221225485	0	0	0	lib/libjsoncpp.so	libjsoncpp.so.1	
image-380000	file	100555	3221225486	1089536	228301	4dfab066	lib/libsvcipc.so.1		image-380000/lib/libsvcipc.so.1
image-380000	file	100666	446	1317837	1007	88e3ea6e	usr/share/lua/stack.lua		image-380000/usr/share/lua/stack.lua
image-380000	file	100444	563	1318844	65	7bcc7fe6	etc/system/config/calib.lilliput		image-380000/etc/system/config/calib.lilliput
image-380000	symlink	120555	3221225487	0	0	0	lib/libsvcipc.so	libsvcipc.so.1	
image-380000	file	100555	3221225488	1318912	146564	9ce6cf7f	lib/libexpat.so.1		image-380000/lib/libexpat.so.1
image-380000	file	100666	363	1465476	883	3e8631f4	usr/share/lua/mictest.lua		image-380000/usr/share/lua/mictest.lua
image-380000	symlink	120555	3221225489	0	0	0	lib/libexpat.so	libexpat.so.1	
image-380000	file	100555	3221225490	1466368	34518	d2ec139	lib/libhiddi.so.1		image-380000/lib/libhiddi.so.1
image-380000	file	100444	497	1500886	2301	8a80c11e	usr/lib/terminfo/q/qansi-t		image-380000/usr/lib/terminfo/q/qansi-t
image-380000	file	101777	302	1503187	45	7f3fccf3	usr/bin/pmctrl		image-380000/usr/bin/pmctrl
image-380000	symlink	120555	3221225491	0	0	0	lib/libhiddi.so	libhiddi.so.1	
image-380000	file	100555	3221225492	1503232	51253	780eab28	lib/libgestures.so.1		image-380000/lib/libgestures.so.1
image-380000	file	100444	456	1554485	1913	9f5438a0	usr/share/lua/service/insightDetect/insightDetect.lua		image-380000/usr/share/lua/service/insightDetect/insightDetect.lua
image-380000	file	100444	204	1556398	80	767d506a	usr/bin/nav/ON/options.txt		image-380000/usr/bin/nav/ON/options.txt
image-380000	symlink	120555	3221225493	0	0	0	lib/libgestures.so	libgestures.so.1	
image-380000	file	100555	3221225494	1556480	46225	21c80664	lib/libinputevents.so.1		image-380000/lib/libinputevents.so.1
image-380000	file	100444	519	1602705	2918	582b9587	etc/pim.sql		image-380000/etc/pim.sql
image-380000	symlink	120555	3221225495	0	0	0	lib/libinputevents.so	libinputevents.so.1	
image-380000	file	100555	3221225496	1605632	15044	442d7dbf	lib/libmtouch-calib.so.1		image-380000/lib/libmtouch-calib.so.1
image-380000	file	100444	213	1620676	1273	ce4f77ba	boot/scripts/pre-nav.sh		image-380000/boot/scripts/pre-nav.sh
image-380000	file	100444	484	1621949	61	3dd1a8cf	usr/share/tracescopes/servicescopes/Navigation.hbtc		image-380000/usr/share/tracescopes/servicescopes/Navigation.hbtc
image-380000	symlink	120555	3221225497	0	0	0	lib/libmtouch-calib.so	libmtouch-calib.so.1	
image-380000	file	100555	3221225498	1622016	31625	54360db3	lib/libmtouch-toyota.so.1		image-380000/lib/libmtouch-toyota.so.1
image-380000	file	100666	362	1653641	1109	b5c8e0eb	usr/share/lua/mcd.lua		image-380000/usr/share/lua/mcd.lua
image-380000	file	100444	506	1654750	34	838db4ef	etc/shadow		image-380000/etc/shadow
image-380000	symlink	120555	3221225499	0	0	0	lib/libmtouch-toyota.so	libmtouch-toyota.so.1	
image-380000	file	100555	3221225500	1654784	8920	332f05f4	lib/libmtouch-devi.so.1		image-380000/lib/libmtouch-devi.so.1
image-380000	file	100666	359	1663704	3338	fdd766ad	usr/share/lua/fsm.lua		image-380000/usr/share/lua/fsm.lua
image-380000	file	100444	556	1667042	26	50949a96	etc/system/config/calib.localhost		image-380000/etc/system/config/calib.localhost
image-380000	symlink	120555	3221225501	0	0	0	lib/libmtouch-devi.so	libmtouch-devi.so.1	
image-380000	file	100555	3221225505	1667072	10992051	ec5a4437	lib/air/runtimeSDK/Adobe AIR/Versions/1.0/libCore.so		image-380000/lib/air/runtimeSDK/Adobe AIR/Versions/1.0/libCore.so
image-380000	file	100444	533	12659123	1490	bd129370	etc/dbservice_recovery.cfg		image-380000/etc/dbservice_recovery.cfg
image-380000	file	100444	562	12660613	78	a4eaa3eb	etc/system/config/air/oem.cfg		image-380000/etc/system/config/air/oem.cfg
image-380000	file	101777	300	12660691	44	f7fd48ff	usr/bin/dos2unix		image-380000/usr/bin/dos2unix
image-380000	file	100555	3221225506	12660736	12854	4a1400a7	lib/libclipboard.so.1		image-380000/lib/libclipboard.so.1
image-380000	file	100666	415	12673590	3473	9be2c	usr/share/lua/service/toyotamanager/microphonemanager.lua		image-380000/usr/share/lua/service/toyotamanager/microphonemanager.lua
image-380000	file	101777	301	12677063	52	cb419030	usr/bin/connctrl		image-380000/usr/bin/connctrl
image-380000	symlink	120555	3221225507	0	0	0	lib/libclipboard.so	libclipboard.so.1	
image-380000	file	100555	3221225508	12677120	1398471	b8e5d7b8	lib/libicui18n.so.46		image-380000/lib/libicui18n.so.46
image-380000	file	100444	496	14075591	2357	120bcfe3	usr/lib/terminfo/q/qansi-m		image-380000/usr/lib/terminfo/q/qansi-m
image-380000	symlink	120555	3221225509	0	0	0	lib/libicui18n.so	libicui18n.so.46	
image-380000	file	100555	3221225510	14077952	68881	9203a6ed	lib/dll/fs-qnx4.so		image-380000/lib/dll/fs-qnx4.so
image-380000	file	100444	452	14146833	746	79e64a71	usr/share/lua/requestScreen.lua		image-380000/usr/share/lua/requestScreen.lua
image-380000	file	100555	3221225511	14147584	92607	35c54de7	lib/dll/fs-qnx6.so		image-380000/lib/dll/fs-qnx6.so
image-380000	file	100444	532	14240191	1481	c75957b0	etc/dbservice.cfg		image-380000/etc/dbservice.cfg
image-380000	file	101777	296	14241672	60	d28617fe	usr/bin/flashNetETFS		image-380000/usr/bin/flashNetETFS
image-380000	file	101777	294	14241732	59	17bcddb2	usr/bin/flashNetIFS		image-380000/usr/bin/flashNetIFS
image-380000	file	100555	3221225512	14241792	37176	51e258c5	lib/dll/deva-util-restore.so		image-380000/lib/dll/deva-util-restore.so
image-380000	file	100444	541	14278968	3720	64e26768	etc/dbus-1/system.conf		image-380000/etc/dbus-1/system.conf
image-380000	file	101777	295	14282688	59	6dfdc5ce	usr/bin/flashNetIPL		image-380000/usr/bin/flashNetIPL
image-380000	file	100555	3221225513	14282752	41368	b45c7465	lib/dll/devnp-shim.so		image-380000/lib/dll/devnp-shim.so
image-380000	file	100666	580	14324120	3684	13e014ec	usr/share/connmgr/StartIoFsMedia.lua		image-380000/usr/share/connmgr/StartIoFsMedia.lua
image-380000	file	100555	3221225514	14327808	61418	33adfcb1	lib/dll/devnp-ncm.so		image-380000/lib/dll/devnp-ncm.so
image-380000	file	100444	140	14389226	11	2a387f3e	usr/lib/libqdb.so		image-380000/usr/lib/libqdb.so
image-380000	file	100555	3221225515	14389248	73452	1790139	lib/dll/devnp-asix.so		image-380000/lib/dll/devnp-asix.so
image-380000	file	100444	467	14462700	276	c0cf0f94	usr/share/tracescopes/defaults/partial.hbtc		image-380000/usr/share/tracescopes/defaults/partial.hbtc
image-380000	file	100555	3221225516	14462976	69726	cec107b2	lib/dll/devn-rtl8150.so		image-380000/lib/dll/devn-rtl8150.so
image-380000	file	100444	560	14532702	3635	b99b85f9	etc/system/config/3proxy.cfg		image-380000/etc/system/config/3proxy.cfg
image-380000	file	100444	524	14536337	359	a42f313b	etc/keyvalue.sql		image-380000/etc/keyvalue.sql
image-380000	file	100555	3221225517	14536704	181758	302d2f8f	lib/dll/lsm-pf-v4.so		image-380000/lib/dll/lsm-pf-v4.so
image-380000	file	100666	382	14718462	2553	fd5f995c	usr/share/lua/service/bluetooth/internetConnection.lua		image-380000/usr/share/lua/service/bluetooth/internetConnection.lua
image-380000	file	100555	3221225518	14721024	13968	94a68210	lib/dll/img_codec_bmp.so		image-380000/lib/dll/img_codec_bmp.so
image-380000	file	100444	462	14734992	2396	9f64c2e1	etc/system/config/scaling.conf		image-380000/etc/system/config/scaling.conf
image-380000	file	100555	3221225519	14737408	9820	4176d968	lib/dll/img_codec_gif.so		image-380000/lib/dll/img_codec_gif.so
image-380000	file	100666	420	14747228	2468	f67f301	usr/share/lua/service/toyotamanager/powerinterrupt.lua		image-380000/usr/share/lua/service/toyotamanager/powerinterrupt.lua
image-380000	file	100555	3221225520	14749696	110641	54d7903a	lib/dll/img_codec_jpg.so		image-380000/lib/dll/img_codec_jpg.so
image-380000	file	100666	364	14860337	3387	bfb54a5a	usr/share/lua/mime.lua		image-380000/usr/share/lua/mime.lua
image-380000	file	100444	564	14863724	592	50b9d3f8	usr/etc/pmem.ini		image-380000/usr/etc/pmem.ini
image-380000	file	101777	297	14864316	59	e0b9d23e	usr/bin/flashNetMMC		image-380000/usr/bin/flashNetMMC
image-380000	file	100555	3221225521	14864384	11872	2512bba5	lib/dll/img_codec_pcx.so		image-380000/lib/dll/img_codec_pcx.so
image-380000	file	101777	309	14876256	398	49e4b92d	usr/bin/getkeyval		image-380000/usr/bin/getkeyval
image-380000	file	100555	3221225522	14876672	132973	f6ce4f9e	lib/dll/img_codec_png.so		image-380000/lib/dll/img_codec_png.so
image-380000	file	100666	412	15009645	2159	9941e67b	usr/share/lua/service/toyotamanager/languagecolorcodes.lua		image-380000/usr/share/lua/service/toyotamanager/languagecolorcodes.lua
image-380000	file	100555	3221225523	15011840	9680	55c44fa4	lib/dll/img_codec_sgi.so		image-380000/lib/dll/img_codec_sgi.so
image-380000	file	100666	381	15021520	2509	1058ecfa	usr/share/lua/service/bluetooth/deviceCtlr.lua		image-380000/usr/share/lua/service/bluetooth/deviceCtlr.lua
image-380000	file	100444	482	15024029	51	2352379a	usr/share/tracescopes/servicescopes/DBusMonitor.hbtc		image-380000/usr/share/tracescopes/servicescopes/DBusMonitor.hbtc
image-380000	file	100444	480	15024080	48	2a04150e	usr/share/tracescopes/servicescopes/Connectivity.hbtc		image-380000/usr/share/tracescopes/servicescopes/Connectivity.hbtc
image-380000	file	100555	3221225524	15024128	11764	dbfb277b	lib/dll/img_codec_tga.so		image-380000/lib/dll/img_codec_tga.so
image-380000	file	101555	217	15035892	501	6f2b25de	boot/scripts/qdb_recover.sh		image-380000/boot/scripts/qdb_recover.sh
image-380000	file	100555	3221225525	15036416	47655	ae9e72e6	lib/dll/cipher-aes.so		image-380000/lib/dll/cipher-aes.so
image-380000	file	100666	377	15084071	1447	decb0bfe	usr/share/lua/service/bluetooth/constants.lua		image-380000/usr/share/lua/service/bluetooth/constants.lua
image-380000	file	100444	486	15085518	50	7eb6cd21	usr/share/tracescopes/servicescopes/SoftwareUpdate.hbtc		image-380000/usr/share/tracescopes/servicescopes/SoftwareUpdate.hbtc
image-380000	file	100555	3221225526	15085568	9997	c8fb9f26	lib/dll/iofs-i2c-ipod.so		image-380000/lib/dll/iofs-i2c-ipod.so
image-380000	file	100666	421	15095565	2131	23c4038b	usr/share/lua/service/toyotamanager/properties.lua		image-380000/usr/share/lua/service/toyotamanager/properties.lua
image-380000	file	100444	504	15097696	140	e88d858b	etc/passwd		image-380000/etc/passwd
image-380000	file	100555	3221225527	15097856	233661	9c104c36	lib/dll/iofs-ipod.so		image-380000/lib/dll/iofs-ipod.so
image-380000	file	100444	539	15331517	3227	e9213b0e	etc/dbus-1/session.conf		image-380000/etc/dbus-1/session.conf
image-380000	file	100666	461	15334744	588	3c9037bf	etc/license.txt		image-380000/etc/license.txt
image-380000	file	100444	490	15335332	50	43ad05e5	usr/share/tracescopes/servicescopes/VR.hbtc		image-380000/usr/share/tracescopes/servicescopes/VR.hbtc
image-380000	file	100444	491	15335382	42	2ab35035	usr/share/tracescopes/servicescopes/WiFi.hbtc		image-380000/usr/share/tracescopes/servicescopes/WiFi.hbtc
image-380000	file	100555	3221225528	15335424	117594	332dd08c	lib/dll/iofs-pfs.so		image-380000/lib/dll/iofs-pfs.so
image-380000	file	100666	585	15453018	1003	f13f8d7d	usr/share/connmgr/ProxyReloaded.lua		image-380000/usr/share/connmgr/ProxyReloaded.lua
image-380000	file	100444	550	15454021	187	fdd11087	etc/ppp/peers/bluetoothModem_chat		image-380000/etc/ppp/peers/bluetoothModem_chat
image-380000	file	100555	3221225529	15454208	15649	af35dc1c	lib/dll/iofs-ser-ipod.so		image-380000/lib/dll/iofs-ser-ipod.so
image-380000	file	100666	586	15469857	687	83f63a38	usr/share/connmgr/LoadConnMgrCfg.lua		image-380000/usr/share/connmgr/LoadConnMgrCfg.lua
image-380000	file	100444	552	15470544	48	ba10d5de	etc/ppp/resolv.conf		image-380000/etc/ppp/resolv.conf
image-380000	file	100555	3221225530	15470592	19937	bab918da	lib/dll/iofs-usb-ipod.so		image-380000/lib/dll/iofs-usb-ipod.so
image-380000	file	100444	557	15490529	474	524eff47	etc/system/config/keymap.conf		image-380000/etc/system/config/keymap.conf
image-380000	file	101777	298	15491003	49	591d73d1	usr/bin/tconnctrl		image-380000/usr/bin/tconnctrl
image-380000	file	100555	3221225531	15491072	13273	8d7362fd	lib/dll/mme-imgprc-gf.so		image-380000/lib/dll/mme-imgprc-gf.so
image-380000	file	100666	424	15504345	3076	6d144bf	usr/share/lua/service/toyotamanager/usbinterrupt.lua		image-380000/usr/share/lua/service/toyotamanager/usbinterrupt.lua
image-380000	file	100555	3221225532	15507456	21512	87c854a3	lib/dll/deva-ctrl-ipod.so		image-380000/lib/dll/deva-ctrl-ipod.so
image-380000	file	100444	215	15528968	2937	eaedb853	boot/scripts/pre-media.sh		image-380000/boot/scripts/pre-media.sh
image-380000	file	100444	483	15531905	47	fd95ce5c	usr/share/tracescopes/servicescopes/Media.hbtc		image-380000/usr/share/tracescopes/servicescopes/Media.hbtc
image-380000	file	100444	479	15531952	44	72658c3d	usr/share/tracescopes/servicescopes/Bluetooth.hbtc		image-380000/usr/share/tracescopes/servicescopes/Bluetooth.hbtc
image-380000	file	100555	3221225533	15532032	30173	9b98fc80	lib/dll/mss-ipoduid.so		image-380000/lib/dll/mss-ipoduid.so
image-380000	file	100666	373	15562205	2502	40d17881	usr/share/lua/service/bluetooth/btTrace.lua		image-380000/usr/share/lua/service/bluetooth/btTrace.lua
image-380000	file	100444	481	15564707	44	8605dd80	usr/share/tracescopes/servicescopes/DbService.hbtc		image-380000/usr/share/tracescopes/servicescopes/DbService.hbtc
image-380000	file	100444	487	15564751	44	67a2cdf2	usr/share/tracescopes/servicescopes/TMEClient.hbtc		image-380000/usr/share/tracescopes/servicescopes/TMEClient.hbtc
image-380000	file	100555	3221225534	15564800	24676	d4f57227	lib/dll/lsm-tun-v4.so		image-380000/lib/dll/lsm-tun-v4.so
image-380000	file	100444	540	15589476	3209	a91cbbba	etc/dbus-1/session-noinet.conf		image-380000/etc/dbus-1/session-noinet.conf
image-380000	file	100444	526	15592685	773	37c75e88	etc/poievents.sql		image-380000/etc/poievents.sql
image-380000	file	100555	3221225535	15593472	15002	8e835d4a	lib/dll/screen-pvr2d.so		image-380000/lib/dll/screen-pvr2d.so
image-380000	file	101555	575	15608474	1356	2f09d821	usr/share/connmgr/EnetIns.sh		image-380000/usr/share/connmgr/EnetIns.sh
image-380000	file	100555	3221225536	15609856	10177	12221bfd	lib/dll/screen-sw.so		image-380000/lib/dll/screen-sw.so
image-380000	file	100444	457	15620033	2100	ae4f4456	usr/share/lua/dos2unix.lua		image-380000/usr/share/lua/dos2unix.lua
image-380000	file	100555	3221225537	15622144	22941	6b58e8eb	lib/dll/devh-usb.so		image-380000/lib/dll/devh-usb.so
image-380000	file	100444	510	15645085	1635	2f4d43e3	etc/protocols		image-380000/etc/protocols
image-380000	file	100555	3221225538	15646720	295512	1b08abf	usr/lib/graphics/jacinto5/libglslcompiler.so		image-380000/usr/lib/graphics/jacinto5/libglslcompiler.so
image-380000	file	100666	573	15942232	3136	d17d067b	usr/share/connmgr/AppInstallCtrl.lua		image-380000/usr/share/connmgr/AppInstallCtrl.lua
image-380000	file	100666	492	15945368	357	ea0ce1e6	etc/profile		image-380000/etc/profile
image-380000	file	100555	3221225539	15945728	78434	f411a4c5	usr/lib/graphics/jacinto5/libIMGegl.so		image-380000/usr/lib/graphics/jacinto5/libIMGegl.so
image-380000	file	100666	577	16024162	3124	e6dc1d35	usr/share/connmgr/Overview_InitHdlr.lua		image-380000/usr/share/connmgr/Overview_InitHdlr.lua
image-380000	file	100444	466	16027286	338	1e970a15	usr/share/tracescopes/defaults/none.hbtc		image-380000/usr/share/tracescopes/defaults/none.hbtc
image-380000	file	100555	3221225540	16027648	511732	ba58e41e	usr/lib/graphics/jacinto5/libImgGLESv1_CM.so		image-380000/usr/lib/graphics/jacinto5/libImgGLESv1_CM.so
image-380000	file	100444	476	16539380	267	99b27ef	usr/share/tracescopes/hmiscopes/VR.hbtc		image-380000/usr/share/tracescopes/hmiscopes/VR.hbtc
image-380000	file	100555	3221225541	16539648	458489	ba07e7b	usr/lib/graphics/jacinto5/libImgGLESv2.so		image-380000/usr/lib/graphics/jacinto5/libImgGLESv2.so
image-380000	file	100444	547	16998137	263	2dbf95fb	etc/ppp/options.wasused		image-380000/etc/ppp/options.wasused
image-380000	file	100555	3221225542	16998400	6639	815f3730	usr/lib/graphics/jacinto5/libj5modes.so.0		image-380000/usr/lib/graphics/jacinto5/libj5modes.so.0
image-380000	file	100444	555	17005039	1218	f6a4f843	etc/system/config/toyotaAudioCtrlSvc_OtherMic.conf		image-380000/etc/system/config/toyotaAudioCtrlSvc_OtherMic.conf
image-380000	file	101777	307	17006257	320	cffd698f	usr/bin/getVariant.sh		image-380000/usr/bin/getVariant.sh
image-380000	symlink	120555	3221225543	0	0	0	usr/lib/graphics/jacinto5/libj5modes.so	libj5modes.so.0	
image-380000	file	100555	3221225544	17006592	27297	18fcb73a	usr/lib/graphics/jacinto5/libpvr2d.so		image-380000/usr/lib/graphics/jacinto5/libpvr2d.so
image-380000	file	100444	210	17033889	1217	2f82b67c	boot/scripts/flash.sh		image-380000/boot/scripts/flash.sh
image-380000	file	100444	505	17035106	132	d5b8c7d9	etc/group		image-380000/etc/group
image-380000	file	100555	3221225545	17035264	223958	a9e0bed4	usr/lib/graphics/jacinto5/libsrv_um.so		image-380000/usr/lib/graphics/jacinto5/libsrv_um.so
image-380000	file	100444	554	17259222	1213	229678ef	etc/system/config/toyotaAudioCtrlSvc.conf		image-380000/etc/system/config/toyotaAudioCtrlSvc.conf
image-380000	file	100444	489	17260435	40	ca23378a	usr/share/tracescopes/servicescopes/TunerService.hbtc		image-380000/usr/share/tracescopes/servicescopes/TunerService.hbtc
image-380000	file	100444	469	17260475	39	819fb66c	usr/share/tracescopes/hmiscopes/All.hbtc		image-380000/usr/share/tracescopes/hmiscopes/All.hbtc
image-380000	file	100555	3221225546	17260544	983767	2571399d	usr/lib/graphics/jacinto5/libusc.so		image-380000/usr/lib/graphics/jacinto5/libusc.so
image-380000	file	100444	501	18244311	2928	5cb25e8e	usr/share/graphics/splash/toyota-splash_mono.ipod		image-380000/usr/share/graphics/splash/toyota-splash_mono.ipod
image-380000	file	100444	520	18247239	438	b60600cf	etc/pim_data.sql		image-380000/etc/pim_data.sql
image-380000	file	100555	3221225547	18247680	122124	61563e12	usr/lib/graphics/jacinto5/libWFDjacinto5.so		image-380000/usr/lib/graphics/jacinto5/libWFDjacinto5.so
image-380000	file	100444	508	18369804	580	e7ba0a96	etc/pf.conf		image-380000/etc/pf.conf
image-380000	file	100666	376	18370384	173	2a07ef43	usr/share/lua/service/bluetooth/connectionCtlr.lua		image-380000/usr/share/lua/service/bluetooth/connectionCtlr.lua
image-380000	file	100555	3221225548	18370560	250339	d6be8052	usr/lib/graphics/jacinto5/pvrsrv.so		image-380000/usr/lib/graphics/jacinto5/pvrsrv.so
image-380000	file	100666	445	18620899	2868	fe363258	usr/share/lua/ssl.lua		image-380000/usr/share/lua/ssl.lua
image-380000	file	101555	322	18623767	444	61b0ad57	usr/bin/luaservice		image-380000/usr/bin/luaservice
image-380000	file	101777	305	18624211	238	ab99b3b	usr/bin/setVariant_US.sh		image-380000/usr/bin/setVariant_US.sh
image-380000	file	100444	478	18624449	39	992fadf2	usr/share/tracescopes/servicescopes/avclan.hbtc		image-380000/usr/share/tracescopes/servicescopes/avclan.hbtc
image-380000	file	100555	3221225549	18624512	100499	58611524	usr/lib/graphics/jacinto5/pvrsrvinit.so		image-380000/usr/lib/graphics/jacinto5/pvrsrvinit.so
image-380000	file	100666	390	18725011	1881	1dc8a1f4	usr/share/lua/service/bluetooth/utils/utils.lua		image-380000/usr/share/lua/service/bluetooth/utils/utils.lua
image-380000	file	100555	3221225550	18726912	25805	83cdbf84	usr/lib/graphics/jacinto5/wsegl-screen.so		image-380000/usr/lib/graphics/jacinto5/wsegl-screen.so
image-380000	file	100666	395	18752717	2811	304e2059	usr/share/lua/service/ota/ota_updater.lua		image-380000/usr/share/lua/service/ota/ota_updater.lua
image-380000	file	100444	485	18755528	39	a926b099	usr/share/tracescopes/servicescopes/SetupService.hbtc		image-380000/usr/share/tracescopes/servicescopes/SetupService.hbtc
image-380000	file	100555	3221225552	18755584	64277	f4df75c8	lib/dll/mmedia/aac_parser.so		image-380000/lib/dll/mmedia/aac_parser.so
image-380000	file	100666	367	18819861	1202	a744d6cb	usr/share/lua/queue.lua		image-380000/usr/share/lua/queue.lua
image-380000	file	100444	488	18821063	37	8bd2d262	usr/share/tracescopes/servicescopes/ToyotaManager.hbtc		image-380000/usr/share/tracescopes/servicescopes/ToyotaManager.hbtc
image-380000	file	100555	3221225553	18821120	15219	c896135a	lib/dll/mmedia/audio_streamer.so		image-380000/lib/dll/mmedia/audio_streamer.so
image-380000	file	100444	199	18836339	1002	c33db3b1	etc/fontconfig/fonts.conf		image-380000/etc/fontconfig/fonts.conf
image-380000	file	101777	308	18837341	163	1941db6f	usr/bin/start_screen.sh		image-380000/usr/bin/start_screen.sh
image-380000	file	100555	3221225554	18837504	41472	2c94fd29	lib/dll/mmedia/audio_writer.so		image-380000/lib/dll/mmedia/audio_writer.so
image-380000	file	100666	425	18878976	2810	2a43e1d5	usr/share/lua/service/toyotamanager/versioninfo.lua		image-380000/usr/share/lua/service/toyotamanager/versioninfo.lua
image-380000	file	100666	379	18881786	762	cd827445	usr/share/lua/service/bluetooth/containers/callState.lua		image-380000/usr/share/lua/service/bluetooth/containers/callState.lua
image-380000	file	100555	3221225555	18882560	13894	e843d985	lib/dll/mmedia/fildes_streamer.so		image-380000/lib/dll/mmedia/fildes_streamer.so
image-380000	file	100444	459	18896454	2469	4a1a22e0	etc/system_recovery.cfg		image-380000/etc/system_recovery.cfg
image-380000	file	100555	3221225556	18898944	97112	a2e1c691	lib/dll/mmedia/xing_mpega_decoder.so		image-380000/lib/dll/mmedia/xing_mpega_decoder.so
image-380000	file	101555	304	18996056	1002	554ac11	usr/bin/formatMMC.sh		image-380000/usr/bin/formatMMC.sh
image-380000	file	100444	551	18997058	181	da01850b	etc/ppp/peers/cdma_chat		image-380000/etc/ppp/peers/cdma_chat
image-380000	file	100555	3221225557	18997248	42822	eff47475	lib/dll/mmedia/http_streamer.so		image-380000/lib/dll/mmedia/http_streamer.so
image-380000	file	100444	495	19040070	2092	bada317d	usr/lib/terminfo/q/qansi-g		image-380000/usr/lib/terminfo/q/qansi-g
image-380000	file	100555	3221225558	19042304	25737	b7952e1f	lib/dll/mmedia/media_streamer.so		image-380000/lib/dll/mmedia/media_streamer.so
image-380000	file	100444	498	19068041	2357	984f9b	usr/lib/terminfo/q/qansi-w		image-380000/usr/lib/terminfo/q/qansi-w
image-380000	file	101777	306	19070398	238	37d9b28b	usr/bin/setVariant_CA.sh		image-380000/usr/bin/setVariant_CA.sh
image-380000	file	100666	518	19070636	237	3a113960	etc/MediaService.cfg		image-380000/etc/MediaService.cfg
image-380000	file	100555	3221225559	19070976	143949	18828173	lib/dll/mmedia/mp4_parser.so		image-380000/lib/dll/mmedia/mp4_parser.so
image-380000	file	100444	494	19214925	2295	d4dfaa9a	usr/lib/terminfo/q/qansi		image-380000/usr/lib/terminfo/q/qansi
image-380000	file	100444	527	19217220	1196	1aee227	etc/csi.sql		image-380000/etc/csi.sql
image-380000	file	100555	3221225560	19218432	76579	17f24396	lib/dll/mmedia/mpega_parser.so		image-380000/lib/dll/mmedia/mpega_parser.so
image-380000	file	100444	511	19295011	1195	fa64540b	etc/qdb.cfg		image-380000/etc/qdb.cfg
image-380000	file	100555	3221225561	19296256	15194	41835bc9	lib/dll/mmedia/queue_filter.so		image-380000/lib/dll/mmedia/queue_filter.so
image-380000	file	101555	293	19311450	943	c7015c26	usr/bin/setDemoMode.sh		image-380000/usr/bin/setDemoMode.sh
image-380000	file	100444	544	19312393	234	a0bb55ee	etc/ppp/options		image-380000/etc/ppp/options
image-380000	file	100555	3221225562	19312640	14928	2a1339aa	lib/dll/mmedia/stream_reader.so		image-380000/lib/dll/mmedia/stream_reader.so
image-380000	file	100444	553	19327568	938	d8e2a1df	etc/system/config/img.conf		image-380000/etc/system/config/img.conf
image-380000	file	100444	545	19328506	225	628be19e	etc/ppp/options.cdma		image-380000/etc/ppp/options.cdma
image-380000	file	100444	549	19328731	219	65411b62	etc/ppp/peers/aircard_chat		image-380000/etc/ppp/peers/aircard_chat
image-380000	file	100555	3221225563	19329024	189979	6225f361	lib/dll/mmedia/wma9_decoder.so		image-380000/lib/dll/mmedia/wma9_decoder.so
image-380000	file	100666	385	19519003	2087	e0cbae12	usr/share/lua/service/bluetooth/persistence.lua		image-380000/usr/share/lua/service/bluetooth/persistence.lua
image-380000	file	100444	474	19521090	214	e0280e81	usr/share/tracescopes/hmiscopes/SoftwareUpdate.hbtc		image-380000/usr/share/tracescopes/hmiscopes/SoftwareUpdate.hbtc
image-380000	file	100444	470	19521304	209	eaad5433	usr/share/tracescopes/hmiscopes/Bluetooth.hbtc		image-380000/usr/share/tracescopes/hmiscopes/Bluetooth.hbtc
image-380000	file	100555	3221225564	19521536	164430	9b1314db	lib/dll/mmedia/asf_parser.so		image-380000/lib/dll/mmedia/asf_parser.so
image-380000	file	100666	537	19685966	2079	c71e8d45	etc/simpleHF_config.txt		image-380000/etc/simpleHF_config.txt
image-380000	file	100444	216	19688045	825	7d562377	boot/scripts/connmgr.sh		image-380000/boot/scripts/connmgr.sh
image-380000	file	101555	303	19688870	206	6146f47f	usr/bin/mountMMC.sh		image-380000/usr/bin/mountMMC.sh
image-380000	file	100444	475	19689076	168	5674f1ef	usr/share/tracescopes/hmiscopes/Tuner.hbtc		image-380000/usr/share/tracescopes/hmiscopes/Tuner.hbtc
image-380000	file	100444	471	19689244	164	99b1d4de	usr/share/tracescopes/hmiscopes/Connectivity.hbtc		image-380000/usr/share/tracescopes/hmiscopes/Connectivity.hbtc
image-380000	file	100555	3221225565	19689472	17875	ae2b5959	lib/dll/mmedia/wms_control.so		image-380000/lib/dll/mmedia/wms_control.so
image-380000	file	100666	370	19707347	2069	30ab979d	usr/share/lua/service/avclanLogger/avclanLogger.lua		image-380000/usr/share/lua/service/avclanLogger/avclanLogger.lua
image-380000	file	100444	472	19709416	163	a317afd4	usr/share/tracescopes/hmiscopes/Media.hbtc		image-380000/usr/share/tracescopes/hmiscopes/Media.hbtc
image-380000	file	100444	473	19709579	161	5c4164ec	usr/share/tracescopes/hmiscopes/Navigation.hbtc		image-380000/usr/share/tracescopes/hmiscopes/Navigation.hbtc
image-380000	file	100555	3221225566	19709952	10057	973d3d39	lib/dll/mmedia/wms_streamer.so		image-380000/lib/dll/mmedia/wms_streamer.so
image-380000	file	100444	561	19720009	2046	5324bd27	etc/system/config/qnxair.conf		image-380000/etc/system/config/qnxair.conf
image-380000	file	100555	3221225567	19722240	14865	6876953c	lib/dll/mmedia/qnx_raac_decoder.so		image-380000/lib/dll/mmedia/qnx_raac_decoder.so
image-380000	file	100444	525	19737105	803	fa3b54c9	etc/keyvalue_data.sql		image-380000/etc/keyvalue_data.sql
image-380000	file	100555	3221225568	19738624	30551	945d3eec	lib/dll/mmedia/aif_parser.so		image-380000/lib/dll/mmedia/aif_parser.so
image-380000	file	100666	569	19769175	1909	f394086f	usr/share/connmgr/EnetRem.lua		image-380000/usr/share/connmgr/EnetRem.lua
image-380000	file	100555	3221225569	19771392	46901	412f4234	lib/dll/mmedia/ogg_parser.so		image-380000/lib/dll/mmedia/ogg_parser.so
image-380000	file	100444	79	19818293	1869	b2e7594	usr/lib/graphics/jacinto5/graphics.conf		image-380000/usr/lib/graphics/jacinto5/graphics.conf
image-380000	file	100555	3221225570	19820544	21323	3358b33a	lib/dll/mmedia/ogg_decoder.so		image-380000/lib/dll/mmedia/ogg_decoder.so
image-380000	file	100444	529	19841867	1724	aa89b68f	etc/g5.cfg		image-380000/etc/g5.cfg
image-380000	file	100444	523	19843591	758	b5616cc	etc/multipleKeyMaps.cfg		image-380000/etc/multipleKeyMaps.cfg
image-380000	file	100555	3221225571	19845120	36475	505c0175	lib/dll/mmedia/flac_parser.so		image-380000/lib/dll/mmedia/flac_parser.so
image-380000	file	100555	3221225572	19881984	14617	4428b432	lib/dll/mmedia/flac_decoder.so		image-380000/lib/dll/mmedia/flac_decoder.so
image-380000	file	100444	538	19896601	1720	c473cfe7	etc/simpleHF/extbox_cy13_sse_hf_eu.bsd		image-380000/etc/simpleHF/extbox_cy13_sse_hf_eu.bsd
image-380000	file	100555	3221225573	19898368	18851	40a8a9c2	lib/dll/mmedia/alac_decoder.so		image-380000/lib/dll/mmedia/alac_decoder.so
image-380000	file	100555	3221225574	19918848	58641	dccdf6ee	lib/dll/mmedia/wav_parser.so		image-380000/lib/dll/mmedia/wav_parser.so
image-380000	file	100666	571	19977489	10753	70851c14	usr/share/connmgr/DunConn.lua		image-380000/usr/share/connmgr/DunConn.lua
image-380000	file	100555	3221225575	19988480	100774	deeb5c79	usr/lib/libgf.so.1		image-380000/usr/lib/libgf.so.1
image-380000	file	100666	449	20089254	30021	36432422	usr/share/lua/ToyotaWifiSvcPAL/ToyotaWifiSvcPAL.lua		image-380000/usr/share/lua/ToyotaWifiSvcPAL/ToyotaWifiSvcPAL.lua
image-380000	symlink	120555	3221225576	0	0	0	usr/lib/libgf.so	libgf.so.1	
image-380000	file	100555	3221225577	20119552	156855	b76acf73	usr/lib/libffb.so.2		image-380000/usr/lib/libffb.so.2
image-380000	file	100666	429	20276407	36634	a512a8d0	usr/share/lua/service/TunerService/TunerDABsvc.lua		image-380000/usr/share/lua/service/TunerService/TunerDABsvc.lua
image-380000	file	100444	214	20313041	1670	ec2eeede	boot/scripts/pre-hmi.sh		image-380000/boot/scripts/pre-hmi.sh
image-380000	symlink	120555	3221225578	0	0	0	usr/lib/libffb.so	libffb.so.2	
image-380000	file	100555	3221225579	20316160	68938	37b36f50	usr/lib/libimg.so.1		image-380000/usr/lib/libimg.so.1
image-380000	symlink	120555	3221225580	0	0	0	usr/lib/libimg.so	libimg.so.1	
image-380000	file	100555	3221225581	20385792	24525	97fea4a8	usr/lib/libKD.so.1		image-380000/usr/lib/libKD.so.1
image-380000	symlink	120555	3221225582	0	0	0	usr/lib/libKD.so	libKD.so.1	
image-380000	file	100555	3221225583	20410368	212992	fa540bc3	usr/lib/libsys_colibry.so		image-380000/usr/lib/libsys_colibry.so
image-380000	file	100555	3221225584	20623360	28672	d2dd5d3e	usr/lib/libsys_colibry_net.so		image-380000/usr/lib/libsys_colibry_net.so
image-380000	file	100555	3221225585	20652032	30327	ad657e33	usr/lib/libfont.so.1		image-380000/usr/lib/libfont.so.1
image-380000	file	100444	531	20682359	1670	5e10d0ea	etc/btservice.cfg		image-380000/etc/btservice.cfg
image-380000	symlink	120555	3221225586	0	0	0	usr/lib/libfont.so	libfont.so.1	
image-380000	file	100555	3221225587	20684800	377272	abf82cb5	usr/lib/libcurl.so.2		image-380000/usr/lib/libcurl.so.2
image-380000	file	100444	209	21062072	1666	c01270c0	boot/scripts/early_services.sh		image-380000/boot/scripts/early_services.sh
image-380000	file	100666	447	21063738	1644	7edbc414	usr/share/lua/strict.lua		image-380000/usr/share/lua/strict.lua
image-380000	symlink	120555	3221225588	0	0	0	usr/lib/libcurl.so	libcurl.so.2	
image-380000	file	100555	3221225590	21065728	181913	9f364a64	usr/lib/libqaacd.so.1		image-380000/usr/lib/libqaacd.so.1
image-380000	file	100444	566	21247641	1638	ef676d45	usr/share/ndr/hfs.cfg		image-380000/usr/share/ndr/hfs.cfg
image-380000	symlink	120555	3221225591	0	0	0	usr/lib/libqaacd.so	libqaacd.so.1	
image-380000	file	100555	3221225592	21250048	459197	e5042796	usr/lib/libsqlite3.so.1		image-380000/usr/lib/libsqlite3.so.1
image-380000	file	100666	360	21709245	1636	fa66bc29	usr/share/lua/getopt.lua		image-380000/usr/share/lua/getopt.lua
image-380000	symlink	120555	3221225593	0	0	0	usr/lib/libsqlite3.so	libsqlite3.so.1	
image-380000	file	100555	3221225594	21712896	15538	23cdb408	usr/lib/libipod.so.1		image-380000/usr/lib/libipod.so.1
image-380000	symlink	120555	3221225595	0	0	0	usr/lib/libipod.so	libipod.so.1	
image-380000	file	100555	3221225596	21729280	79938	2d356cb	usr/lib/libz.so.2		image-380000/usr/lib/libz.so.2
image-380000	symlink	120555	3221225597	0	0	0	usr/lib/libz.so	libz.so.2	
image-380000	file	100555	3221225598	21811200	16850	3044144e	usr/lib/libOpenVG.so.1		image-380000/usr/lib/libOpenVG.so.1
image-380000	symlink	120555	3221225599	0	0	0	usr/lib/libOpenVG.so	libOpenVG.so.1	
image-380000	file	100555	3221225600	21831680	47097	2935ff47	usr/lib/deva-ctrl-mcasp-dm814x.so		image-380000/usr/lib/deva-ctrl-mcasp-dm814x.so
image-380000	file	100555	3221225601	21880832	45199	588119b5	usr/lib/deva-ctrl-mcasp-dm814x_adc3101.so		image-380000/usr/lib/deva-ctrl-mcasp-dm814x_adc3101.so
image-380000	file	100555	3221225602	21929984	16680	f00b644	usr/lib/libaoi.so.1		image-380000/usr/lib/libaoi.so.1
image-380000	symlink	120555	3221225603	0	0	0	usr/lib/libaoi.so	libaoi.so.1	
image-380000	file	100555	3221225604	21950464	43729	50702086	usr/lib/libmme.so.1		image-380000/usr/lib/libmme.so.1
image-380000	symlink	120555	3221225605	0	0	0	usr/lib/libmme.so	libmme.so.1	
image-380000	file	100555	3221225606	21995520	50027	fca9c875	usr/lib/libmmedia.so.1		image-380000/usr/lib/libmmedia.so.1
image-380000	symlink	120555	3221225607	0	0	0	usr/lib/libmmedia.so	libmmedia.so.1	
image-380000	file	100555	3221225608	22048768	32779	742fdb3a	usr/lib/libmmfilter.so.1		image-380000/usr/lib/libmmfilter.so.1
image-380000	file	100666	574	22081547	4079	dd319f3c	usr/share/connmgr/AppleAppIns.lua		image-380000/usr/share/connmgr/AppleAppIns.lua
image-380000	symlink	120555	3221225609	0	0	0	usr/lib/libmmfilter.so	libmmfilter.so.1	
image-380000	file	100555	3221225610	22085632	28934	b226bcda	usr/lib/libpfscrypto.so.1		image-380000/usr/lib/libpfscrypto.so.1
image-380000	symlink	120555	3221225611	0	0	0	usr/lib/libpfscrypto.so	libpfscrypto.so.1	
image-380000	file	100555	3221225613	22118400	37664	2751164d	usr/lib/libqdb.so.1		image-380000/usr/lib/libqdb.so.1
image-380000	file	100555	3221225614	22159360	12501	cc0a2b2f	usr/lib/libqdb_cldr.so.1		image-380000/usr/lib/libqdb_cldr.so.1
image-380000	symlink	120555	3221225615	0	0	0	usr/lib/libqdb_cldr.so	libqdb_cldr.so.1	
image-380000	file	100555	3221225616	22175744	1076663	968bffaf	usr/lib/libxml2.so.1		image-380000/usr/lib/libxml2.so.1
image-380000	symlink	120555	3221225617	0	0	0	usr/lib/libxml2.so	libxml2.so.1	
image-380000	file	100555	3221225618	23252992	53653	705536f8	usr/lib/libPmKeyValue.so.1		image-380000/usr/lib/libPmKeyValue.so.1
image-380000	symlink	120555	3221225619	0	0	0	usr/lib/libPmKeyValue.so	libPmKeyValue.so.1	
image-380000	file	100555	3221225620	23310336	63013	c84ef3ea	usr/lib/libPmKeyValueResMgr.so.1		image-380000/usr/lib/libPmKeyValueResMgr.so.1
image-380000	symlink	120555	3221225621	0	0	0	usr/lib/libPmKeyValueResMgr.so	libPmKeyValueResMgr.so.1	
image-380000	file	100555	3221225622	23375872	56175	464b14c8	usr/lib/libPmSqlDbase.so.1		image-380000/usr/lib/libPmSqlDbase.so.1
image-380000	symlink	120555	3221225623	0	0	0	usr/lib/libPmSqlDbase.so	libPmSqlDbase.so.1	
image-380000	file	100555	3221225624	23433216	66179	defc51aa	usr/lib/dbs-gndbp.so		image-380000/usr/lib/dbs-gndbp.so
image-380000	file	100555	3221225625	23502848	56757	3bb338d7	usr/lib/mdp-gnmdp.so		image-380000/usr/lib/mdp-gnmdp.so
image-380000	file	100555	3221225626	23560192	52087	ce4584b	usr/lib/plss-gnplp.so		image-380000/usr/lib/plss-gnplp.so
image-380000	file	100555	3221225627	23613440	28672	3aae54f2	usr/lib/libmme_gn_plugin.so		image-380000/usr/lib/libmme_gn_plugin.so
image-380000	file	100555	3221225628	23642112	40057	233ccb98	usr/lib/libalac.so.1		image-380000/usr/lib/libalac.so.1
image-380000	symlink	120555	3221225629	0	0	0	usr/lib/libalac.so	libalac.so.1	
image-380000	file	100555	3221225630	23683072	20918	24ab9adf	usr/lib/libogg.so.1		image-380000/usr/lib/libogg.so.1
image-380000	symlink	120555	3221225631	0	0	0	usr/lib/libogg.so	libogg.so.1	
image-380000	file	100555	3221225632	23707648	15275	57e3dfcc	usr/lib/libiomedia.so.1		image-380000/usr/lib/libiomedia.so.1
image-380000	symlink	120555	3221225633	0	0	0	usr/lib/libiomedia.so	libiomedia.so.1	
image-380000	file	100555	3221225634	23724032	37980	e15a1b4f	usr/lib/libmedia_custom.so		image-380000/usr/lib/libmedia_custom.so
image-380000	file	100555	3221225635	23764992	7948	432042a1	usr/lib/libmedia_custom_sort_lang_dep_Unicode.so		image-380000/usr/lib/libmedia_custom_sort_lang_dep_Unicode.so
image-380000	symlink	120555	3221225636	0	0	0	usr/lib/libmedia_custom_sort.so	libmedia_custom_sort_lang_dep_Unicode.so	
image-380000	file	100555	3221225637	23773184	1079642	9d283e55	usr/lib/libicuuc.so.46		image-380000/usr/lib/libicuuc.so.46
image-380000	symlink	120555	3221225638	0	0	0	usr/lib/libicuuc.so	libicuuc.so.46	
image-380000	file	100555	3221225639	24854528	42783	3cee60ef	usr/lib/libdisputil.so.2		image-380000/usr/lib/libdisputil.so.2
image-380000	symlink	120555	3221225640	0	0	0	usr/lib/libdisputil.so	libdisputil.so.2	
image-380000	file	100555	3221225641	24899584	99769	f2797cc6	usr/lib/libscreen.so.1		image-380000/usr/lib/libscreen.so.1
image-380000	symlink	120555	3221225642	0	0	0	usr/lib/libscreen.so	libscreen.so.1	
image-380000	file	100555	3221225643	25001984	23237	f720c5b9	usr/lib/libWFD.so.1		image-380000/usr/lib/libWFD.so.1
image-380000	symlink	120555	3221225644	0	0	0	usr/lib/libWFD.so	libWFD.so.1	
image-380000	file	100555	3221225645	25026560	63734	451db9fa	usr/lib/libswblit.so		image-380000/usr/lib/libswblit.so
image-380000	symlink	120555	3221225646	0	0	0	usr/lib/libswblit.so.1	libswblit.so	
image-380000	file	100555	3221225647	25092096	46178	276c7318	usr/lib/libEGL.so.1		image-380000/usr/lib/libEGL.so.1
image-380000	symlink	120555	3221225648	0	0	0	usr/lib/libEGL.so	libEGL.so.1	
image-380000	file	100555	3221225649	25141248	60677	fe567f8e	usr/lib/libGLESv1_CM.so.1		image-380000/usr/lib/libGLESv1_CM.so.1
image-380000	symlink	120555	3221225650	0	0	0	usr/lib/libGLESv1_CM.so	libGLESv1_CM.so.1	
image-380000	file	100555	3221225651	25202688	44223	1574263e	usr/lib/libGLESv2.so.1		image-380000/usr/lib/libGLESv2.so.1
image-380000	symlink	120555	3221225652	0	0	0	usr/lib/libGLESv2.so	libGLESv2.so.1	
image-380000	file	100555	3221225653	25247744	178712	892689e4	usr/lib/libfontconfig.so.1		image-380000/usr/lib/libfontconfig.so.1
image-380000	symlink	120555	3221225654	0	0	0	usr/lib/libfontconfig.so	libfontconfig.so.1	
image-380000	file	100555	3221225655	25427968	437485	c676f65d	usr/lib/libfreetype.so.1		image-380000/usr/lib/libfreetype.so.1
image-380000	symlink	120555	3221225656	0	0	0	usr/lib/libfreetype.so	libfreetype.so.1	
image-380000	file	100555	3221225657	25866240	730715	9e949456	usr/lib/libglib-2.0.so.1		image-380000/usr/lib/libglib-2.0.so.1
image-380000	symlink	120555	3221225658	0	0	0	usr/lib/libglib-2.0.so	libglib-2.0.so.1	
image-380000	file	100555	3221225659	26599424	917725	5fcac514	usr/lib/libiconv.so.1		image-380000/usr/lib/libiconv.so.1
image-380000	symlink	120555	3221225660	0	0	0	usr/lib/libiconv.so	libiconv.so.1	
image-380000	file	100555	3221225661	27521024	55379	c58778d6	usr/lib/libintl.so.1		image-380000/usr/lib/libintl.so.1
image-380000	symlink	120555	3221225662	0	0	0	usr/lib/libintl.so	libintl.so.1	
image-380000	file	100555	3221225663	27578368	192350	5b62a6a9	usr/lib/libpcre.so.1		image-380000/usr/lib/libpcre.so.1
image-380000	symlink	120555	3221225664	0	0	0	usr/lib/libpcre.so	libpcre.so.1	
image-380000	file	100555	3221225665	27770880	8732	2ae5e87f	usr/lib/libs5ipc.so.1		image-380000/usr/lib/libs5ipc.so.1
image-380000	symlink	120555	3221225666	0	0	0	usr/lib/libs5ipc.so	libs5ipc.so.1	
image-380000	file	100555	3221225667	27783168	14829	189b9836	usr/lib/libmmlink.so.1		image-380000/usr/lib/libmmlink.so.1
image-380000	symlink	120555	3221225668	0	0	0	usr/lib/libmmlink.so	libmmlink.so.1	
image-380000	file	100555	3221225669	27799552	44864	6b48534c	usr/lib/libnbutil.so.1		image-380000/usr/lib/libnbutil.so.1
image-380000	symlink	120555	3221225670	0	0	0	usr/lib/libnbutil.so	libnbutil.so.1	
image-380000	file	100555	3221225673	27844608	51364	24f1399b	usr/lib/dll/WatchdogDbusInterface.so		image-380000/usr/lib/dll/WatchdogDbusInterface.so
image-380000	file	100555	3221225674	27897856	761856	dede14e2	usr/bin/nav/ON/ToyOpenNavController		image-380000/usr/bin/nav/ON/ToyOpenNavController
image-380000	file	100555	3221225677	28659712	16384	f2bf62aa	usr/bin/nav/dll/libopenipc.so		image-380000/usr/bin/nav/dll/libopenipc.so
image-380000	file	100555	3221225678	28676096	188416	dfb7aee0	usr/bin/nav/dll/libopennavtmc.so		image-380000/usr/bin/nav/dll/libopennavtmc.so
image-380000	file	100555	3221225679	28864512	16384	fa1863c4	usr/bin/nav/dll/libopennavdevice.so		image-380000/usr/bin/nav/dll/libopennavdevice.so
image-380000	file	101555	2147483866	28880896	24573	c81863aa	bin/update_nand_teb		image-380000/bin/update_nand_teb
image-380000	file	101555	2147483867	28905472	23756	984988bb	bin/login		image-380000/bin/login
image-380000	file	101555	2147483868	28930048	22099	f21a19c1	bin/ls		image-380000/bin/ls
image-380000	file	101555	2147483869	28954624	12882	baa21484	bin/mv		image-380000/bin/mv
image-380000	file	101555	2147483870	28971008	11445	f2a03ebe	bin/mkdir		image-380000/bin/mkdir
image-380000	file	101555	2147483871	28983296	7811	920c2029	bin/rmdir		image-380000/bin/rmdir
image-380000	file	101555	2147483872	28991488	79487	8c28c2a7	bin/pidin		image-380000/bin/pidin
image-380000	file	101555	2147483873	29073408	8694	b2789da0	bin/uname		image-380000/bin/uname
image-380000	file	101555	2147483874	29085696	7643	25267f38	bin/umount		image-380000/bin/umount
image-380000	file	101555	2147483875	29093888	11247	d32bb691	bin/sloginfo		image-380000/bin/sloginfo
image-380000	file	101555	2147483876	29106176	19556	4ba795de	bin/slay		image-380000/bin/slay
image-380000	file	101555	2147483877	29126656	40979	968da393	bin/cp		image-380000/bin/cp
image-380000	file	101555	2147483878	29171712	14030	1666d511	bin/chmod		image-380000/bin/chmod
image-380000	file	101555	2147483879	29188096	13659	d6200d30	bin/ln		image-380000/bin/ln
image-380000	file	101555	2147483880	29204480	22834	2ed36741	bin/stty		image-380000/bin/stty
image-380000	file	101555	2147483881	29229056	97985	8267f73	bin/dev-mv2trace		image-380000/bin/dev-mv2trace
image-380000	file	101555	2147483882	29327360	153115	ce43669	bin/multicored		image-380000/bin/multicored
image-380000	file	101555	2147483883	29483008	9541	5daca6a0	bin/nice		image-380000/bin/nice
image-380000	file	101555	2147483884	29495296	24737	54c7b2c3	bin/on		image-380000/bin/on
image-380000	file	101555	2147483885	29523968	378209	a5fa308d	bin/screen		image-380000/bin/screen
image-380000	file	101555	2147483886	29904896	19560	5e1a0d16	bin/adl		image-380000/bin/adl
image-380000	file	101555	2147483887	29925376	1077454	97e33b0	sbin/io-pkt-v4-hc		image-380000/sbin/io-pkt-v4-hc
image-380000	file	101555	2147483888	31006720	103638	bcee882d	sbin/ifconfig		image-380000/sbin/ifconfig
image-380000	file	101555	2147483889	31113216	62258	e27a0285	sbin/devb-mmcsd-jacinto5teb		image-380000/sbin/devb-mmcsd-jacinto5teb
image-380000	file	101555	2147483890	31178752	104485	43b5a5e5	sbin/fs-etfs-jacinto5_micron		image-380000/sbin/fs-etfs-jacinto5_micron
image-380000	file	101555	2147483891	31285248	28526	edc8c27a	sbin/i2c-omap35xx-j5		image-380000/sbin/i2c-omap35xx-j5
image-380000	file	101555	2147483892	31313920	31206	c22c8029	sbin/usb		image-380000/sbin/usb
image-380000	file	101555	2147483893	31346688	33424	d79e151b	sbin/route		image-380000/sbin/route
image-380000	file	101555	2147483894	31383552	153986	fc985a58	sbin/io-audio		image-380000/sbin/io-audio
image-380000	file	101555	2147483895	31539200	132894	779f3b0b	sbin/devc-serusb		image-380000/sbin/devc-serusb
image-380000	file	101555	2147483896	31674368	101509	c740793e	sbin/fs-cifs		image-380000/sbin/fs-cifs
image-380000	file	101555	2147483897	31776768	39430	4590ee2e	sbin/io-hid		image-380000/sbin/io-hid
image-380000	file	101555	2147483898	31817728	131359	2fffd1d4	sbin/fdisk		image-380000/sbin/fdisk
image-380000	file	101555	2147483899	31952896	76987	b1cceca	sbin/mkqnx6fs		image-380000/sbin/mkqnx6fs
image-380000	file	101555	2147483900	32030720	19341	7c7a99af	sbin/devb-ram		image-380000/sbin/devb-ram
image-380000	file	101555	2147483901	32051200	10671	77a12e02	usr/bin/touch		image-380000/usr/bin/touch
image-380000	file	101555	2147483902	32063488	19119	f470e772	usr/bin/date		image-380000/usr/bin/date
image-380000	file	101555	2147483903	32083968	1118933	5c94e242	usr/bin/MediaService		image-380000/usr/bin/MediaService
image-380000	file	101555	2147483904	33206272	227608	5ef63bd3	usr/bin/acpclient		image-380000/usr/bin/acpclient
image-380000	file	101555	2147483905	33435648	45372	bdc4f932	usr/bin/acpmonitor		image-380000/usr/bin/acpmonitor
image-380000	file	101555	2147483906	33484800	19772	20a8e9ec	usr/bin/fdumper		image-380000/usr/bin/fdumper
image-380000	file	101555	2147483907	33505280	12512	d698494f	usr/bin/fsloginfo		image-380000/usr/bin/fsloginfo
image-380000	file	101555	2147483908	33521664	9713	a6d996b8	usr/bin/ring_buffer		image-380000/usr/bin/ring_buffer
image-380000	file	101555	2147483909	33533952	20611	cedcdbcc	usr/bin/if-test		image-380000/usr/bin/if-test
image-380000	file	101555	2147483910	33558528	24769	765f2eda	usr/bin/toyotaAudioCtrlSvc		image-380000/usr/bin/toyotaAudioCtrlSvc
image-380000	file	101555	2147483911	33587200	12424	de68218a	usr/bin/PowerSense		image-380000/usr/bin/PowerSense
image-380000	file	101555	2147483912	33603584	44251	5d7bafec	usr/bin/grep		image-380000/usr/bin/grep
image-380000	file	101555	2147483913	33648640	88391	b3454bcb	usr/bin/find		image-380000/usr/bin/find
image-380000	file	101555	2147483914	33738752	197028	57b8c5c9	usr/bin/persistency_mgr		image-380000/usr/bin/persistency_mgr
image-380000	file	101555	2147483915	33939456	25606	62d2123d	usr/bin/service-monitor		image-380000/usr/bin/service-monitor
image-380000	file	101555	2147483916	33968128	262855	b514283c	usr/bin/connmgr		image-380000/usr/bin/connmgr
image-380000	file	101555	2147483917	34234368	173626	12a59fe0	usr/bin/3proxy		image-380000/usr/bin/3proxy
image-380000	file	101555	2147483918	34410496	13669	e2840a6b	usr/bin/tinit		image-380000/usr/bin/tinit
image-380000	file	101555	2147483919	34426880	15629	633a62ac	usr/bin/spptun		image-380000/usr/bin/spptun
image-380000	file	101555	2147483920	34443264	37420	cdb8c346	usr/bin/itun		image-380000/usr/bin/itun
image-380000	file	101555	2147483921	34484224	24615	a9d157c0	usr/bin/sort		image-380000/usr/bin/sort
image-380000	file	101555	2147483922	34512896	311886	cff46b89	usr/bin/dbus-daemon		image-380000/usr/bin/dbus-daemon
image-380000	file	101555	2147483923	34828288	17124	98f08ab2	usr/bin/dbus-launch		image-380000/usr/bin/dbus-launch
image-380000	file	101555	2147483924	34848768	144534	52b1ed44	usr/bin/vdev-flexgps		image-380000/usr/bin/vdev-flexgps
image-380000	file	101555	2147483925	34996224	595798	1cc49c71	usr/bin/ndr		image-380000/usr/bin/ndr
image-380000	file	101555	2147483926	35594240	47309	10a4a9ac	usr/bin/NDRToJSON		image-380000/usr/bin/NDRToJSON
image-380000	file	101555	2147483927	35643392	25876	c482a5ab	usr/bin/random		image-380000/usr/bin/random
image-380000	file	101555	2147483928	35672064	274353	17b79ce1	usr/bin/authenticationService		image-380000/usr/bin/authenticationService
image-380000	file	101555	2147483929	35946496	44956	e9973945	usr/bin/TunerSim		image-380000/usr/bin/TunerSim
image-380000	file	101555	2147483930	35991552	214966	623d79c8	usr/bin/DisplayManager		image-380000/usr/bin/DisplayManager
image-380000	file	101555	2147483931	36208640	11770	f857fd58	usr/bin/splash-screen		image-380000/usr/bin/splash-screen
image-380000	file	101555	2147483932	36220928	27740	35f6a5ad	usr/bin/gles1-gears		image-380000/usr/bin/gles1-gears
image-380000	file	101555	2147483933	36249600	38243	9f527224	usr/bin/gles1-planetary		image-380000/usr/bin/gles1-planetary
image-380000	file	101555	2147483934	36290560	11934	913108f0	usr/bin/egl-configs		image-380000/usr/bin/egl-configs
image-380000	file	101555	2147483935	36302848	20292	7e1b2f92	usr/bin/events		image-380000/usr/bin/events
image-380000	file	101555	2147483936	36323328	114282	14381c6b	usr/bin/devi-hid		image-380000/usr/bin/devi-hid
image-380000	file	101555	2147483937	36438016	70990	2fb69b02	usr/bin/DBusGateway		image-380000/usr/bin/DBusGateway
image-380000	file	101555	2147483938	36511744	141545	dcfe49a0	usr/bin/TraceGateway		image-380000/usr/bin/TraceGateway
image-380000	file	101555	2147483939	36655104	28831	aa3bd65b	usr/bin/dev-sensor		image-380000/usr/bin/dev-sensor
image-380000	file	101555	2147483940	36687872	50444	d4b1f47e	usr/bin/bt_test		image-380000/usr/bin/bt_test
image-380000	file	101555	2147483958	36741120	9941	c6a80860	usr/sbin/if_up		image-380000/usr/sbin/if_up
image-380000	file	101555	2147483959	36753408	119046	e12ccf9d	usr/sbin/telnetd		image-380000/usr/sbin/telnetd
image-380000	file	101555	2147483960	36876288	145168	bb39ac34	usr/sbin/io-fs-media		image-380000/usr/sbin/io-fs-media
image-380000	file	101555	2147483961	37023744	304801	19ae5f26	usr/sbin/io-media-generic		image-380000/usr/sbin/io-media-generic
image-380000	file	101555	2147483962	37330944	919430	18fd7e91	usr/sbin/mme-generic		image-380000/usr/sbin/mme-generic
image-380000	file	101555	2147483963	38252544	138132	b87f4f76	usr/sbin/qdb		image-380000/usr/sbin/qdb
image-380000	file	101555	2147483964	38391808	87942	5af4632c	usr/sbin/pps		image-380000/usr/sbin/pps
image-380000	file	101555	2147483965	38481920	22961	7656d5c4	usr/sbin/setconf		image-380000/usr/sbin/setconf
image-380000	file	101555	2147483966	38506496	22961	7a9eec3a	usr/sbin/getconf		image-380000/usr/sbin/getconf
image-380000	file	101555	2147483967	38531072	70615	aa158f5b	usr/sbin/dhcp.client		image-380000/usr/sbin/dhcp.client
image-380000	file	101555	2147483968	38604800	301088	9794d396	opt/sys/bin/pppd		image-380000/opt/sys/bin/pppd
image-380000	file	101555	2147483969	38907904	24640	b79bc66b	opt/sys/bin/chat		image-380000/opt/sys/bin/chat
image-380000	file	101555	2147483971	38936576	141198	5157cb8c	usr/bin/lua		image-380000/usr/bin/lua
image-380000	file	100555	3221225797	39079936	8328	32c06194	usr/lib/lua/bit.so		image-380000/usr/lib/lua/bit.so
image-380000	file	100555	3221225798	39092224	11764	b7b72f13	usr/lib/lua/crypto.so		image-380000/usr/lib/lua/crypto.so
image-380000	file	100555	3221225799	39104512	15295	e4344ae0	usr/lib/lua/device.so		image-380000/usr/lib/lua/device.so
image-380000	file	100555	3221225800	39120896	8274	cade38e8	usr/lib/lua/fd.so		image-380000/usr/lib/lua/fd.so
image-380000	file	100555	3221225801	39133184	10047	cd6da53	usr/lib/lua/iconv.so		image-380000/usr/lib/lua/iconv.so
image-380000	file	100555	3221225802	39145472	15361	b665a348	usr/lib/lua/ipc.so		image-380000/usr/lib/lua/ipc.so
image-380000	file	100555	3221225803	39161856	14030	248c6509	usr/lib/lua/json.so		image-380000/usr/lib/lua/json.so
image-380000	file	100555	3221225804	39178240	14796	f982fdaf	usr/lib/lua/lfs.so		image-380000/usr/lib/lua/lfs.so
image-380000	file	100555	3221225806	39194624	12548	b3f428df	usr/lib/lua/mime/core.so		image-380000/usr/lib/lua/mime/core.so
image-380000	file	100555	3221225808	39211008	11229	49e71f82	usr/lib/lua/omap/gpio.so		image-380000/usr/lib/lua/omap/gpio.so
image-380000	file	100555	3221225809	39223296	13714	8a952979	usr/lib/lua/pps.so		image-380000/usr/lib/lua/pps.so
image-380000	file	100555	3221225810	39239680	40590	1e1ce736	usr/lib/lua/libqdb.so.1		image-380000/usr/lib/lua/libqdb.so.1
image-380000	symlink	120555	3221225811	0	0	0	usr/lib/lua/qdb.so	libqdb.so.1	
image-380000	file	100555	3221225813	39280640	34470	d4cc5128	usr/lib/lua/socket/core.so		image-380000/usr/lib/lua/socket/core.so
image-380000	file	100555	3221225814	39317504	9135	f129e3f9	usr/lib/lua/sound.so		image-380000/usr/lib/lua/sound.so
image-380000	file	100555	3221225815	39329792	24655	1669589	usr/lib/lua/ssl.so		image-380000/usr/lib/lua/ssl.so
image-380000	file	100555	3221225816	39358464	24156	a33eaad	usr/lib/lua/svcipc.so		image-380000/usr/lib/lua/svcipc.so
image-380000	file	100555	3221225817	39383040	22466	8ad02926	usr/lib/lua/timer.so		image-380000/usr/lib/lua/timer.so
image-380000	file	100555	3221225818	39407616	15874	29f36705	usr/lib/lua/trace.so		image-380000/usr/lib/lua/trace.so
image-380000	file	100555	3221225819	39424000	52304	946156bd	usr/lib/lua/libvcardInterface.so.1		image-380000/usr/lib/lua/libvcardInterface.so.1
image-380000	symlink	120555	3221225820	0	0	0	usr/lib/lua/vcardInterface.so	libvcardInterface.so.1	
image-380000	file	100555	3221225821	39477248	28065	a8cbb60e	usr/lib/lua/zip.so		image-380000/usr/lib/lua/zip.so
image-380000	file	100666	357	39505313	124344	93f870cb	usr/share/lua/debugger.lua		image-380000/usr/share/lua/debugger.lua
image-380000	file	100666	572	39629657	108596	730298b4	usr/share/connmgr/tconnctrl.lua		image-380000/usr/share/connmgr/tconnctrl.lua
image-380000	file	100444	503	39738253	104168	94f33924	usr/share/graphics/splash/toyota-splash_big.ipod		image-380000/usr/share/graphics/splash/toyota-splash_big.ipod
image-380000	file	100666	403	39842421	101417	bd9bce6e	usr/share/lua/service/toyotaConnMgr/toyotaConnMgr.lua		image-380000/usr/share/lua/service/toyotaConnMgr/toyotaConnMgr.lua
image-380000	file	100666	394	39943838	99978	af71d48e	usr/share/lua/service/ota/ota.lua		image-380000/usr/share/lua/service/ota/ota.lua
image-380000	file	100666	417	40043816	85132	afbc7b6c	usr/share/lua/service/toyotamanager/modemanager.lua		image-380000/usr/share/lua/service/toyotamanager/modemanager.lua
image-380000	file	100444	451	40128948	83779	2c65372	usr/share/lua/updatestrings.json		image-380000/usr/share/lua/updatestrings.json
image-380000	file	100666	407	40212727	67589	3d5a627	usr/share/lua/service/toyotamanager/avclan.lua		image-380000/usr/share/lua/service/toyotamanager/avclan.lua
image-380000	file	100666	430	40280316	65336	d398b7a5	usr/share/lua/service/TunerService/TunerInterface.lua		image-380000/usr/share/lua/service/TunerService/TunerInterface.lua
image-380000	file	100666	397	40345652	64328	6acd46d5	usr/share/lua/service/SetupService/SetupService.lua		image-380000/usr/share/lua/service/SetupService/SetupService.lua
image-380000	file	100444	500	40409980	63433	f7a4fab4	usr/share/graphics/splash/toyota-kali-error.jpg		image-380000/usr/share/graphics/splash/toyota-kali-error.jpg
image-380000	file	100444	516	40473413	60576	f87e867e	etc/mme.sql		image-380000/etc/mme.sql
image-380000	file	100666	587	40533989	58615	47bf5593	usr/share/connmgr/testConnection.lua		image-380000/usr/share/connmgr/testConnection.lua
image-380000	file	100666	388	40592604	50461	f3920469	usr/share/lua/service/bluetooth/testclient.lua		image-380000/usr/share/lua/service/bluetooth/testclient.lua
image-380000	file	100666	428	40643065	46362	ffbddef3	usr/share/lua/service/TunerService/TunerAMFMsvc.lua		image-380000/usr/share/lua/service/TunerService/TunerAMFMsvc.lua
image-380000	file	100666	513	40689427	45950	486c4733	etc/mmeLossless.conf		image-380000/etc/mmeLossless.conf
image-380000	file	100666	512	40735377	45844	ec8fc9b1	etc/mme.conf		image-380000/etc/mme.conf
image-380000	file	100666	435	40781221	41174	9ef5f0fb	usr/share/lua/services/ContactBackup/ContactBackup.lua		image-380000/usr/share/lua/services/ContactBackup/ContactBackup.lua
image-380000	file	100666	565	40822395	40266	292bf62d	usr/etc/pmem_keyvalue.ini		image-380000/usr/etc/pmem_keyvalue.ini
image-380000	file	100444	528	40862661	36546	ba16dd64	etc/csi_data.sql		image-380000/etc/csi_data.sql
image-380000	file	100666	384	40899207	34193	efb899d4	usr/share/lua/service/bluetooth/pairingCtlr.lua		image-380000/usr/share/lua/service/bluetooth/pairingCtlr.lua
image-380000	file	100444	536	40933400	30720	ef9ada85	etc/acp-toyota.conf		image-380000/etc/acp-toyota.conf
image-380000	file	100666	423	40964120	30380	1504764f	usr/share/lua/service/toyotamanager/toyotamanager.lua		image-380000/usr/share/lua/service/toyotamanager/toyotamanager.lua
image-380000	file	100666	366	40994500	29104	e7140421	usr/share/lua/pm/pmctrl.lua		image-380000/usr/share/lua/pm/pmctrl.lua
image-380000	file	100666	414	41023604	27436	b15987fe	usr/share/lua/service/toyotamanager/meterlink.lua		image-380000/usr/share/lua/service/toyotamanager/meterlink.lua
image-380000	file	100444	509	41051040	26580	859bf721	etc/pf.os		image-380000/etc/pf.os
image-380000	file	100666	356	41077620	26427	cff1ea00	usr/share/lua/connmgr/Utils.lua		image-380000/usr/share/lua/connmgr/Utils.lua
image-380000	file	100444	502	41104047	25240	35b8e15e	usr/share/graphics/splash/toyota-splash_small.ipod		image-380000/usr/share/graphics/splash/toyota-splash_small.ipod
image-380000	file	100666	567	41129287	24438	626431e6	usr/share/connmgr/PppCtrl.lua		image-380000/usr/share/connmgr/PppCtrl.lua
image-380000	file	100666	431	41153725	21999	fc0fae4d	usr/share/lua/service/TunerService/TunerService.lua		image-380000/usr/share/lua/service/TunerService/TunerService.lua
image-380000	file	100444	534	41175724	21486	35f90649	etc/natp.cfg		image-380000/etc/natp.cfg
image-380000	file	100444	559	41197210	21057	a14a635c	etc/system/config/connmgr_r1.json		image-380000/etc/system/config/connmgr_r1.json
image-380000	file	100666	583	41218267	20423	6b58bd4c	usr/share/connmgr/RouteHistory_CmHdlr.lua		image-380000/usr/share/connmgr/RouteHistory_CmHdlr.lua
image-380000	file	100666	372	41238690	18334	2f2f155e	usr/share/lua/service/bluetooth/bttestClient.lua		image-380000/usr/share/lua/service/bluetooth/bttestClient.lua
image-380000	file	100444	458	41257024	17670	ba69d960	usr/share/lua/system_recovery.lua		image-380000/usr/share/lua/system_recovery.lua
image-380000	file	100666	401	41274694	16313	55246ad9	usr/share/lua/service/timeMgr/timeMgr.lua		image-380000/usr/share/lua/service/timeMgr/timeMgr.lua
image-380000	file	100444	499	41291007	16064	57fd3947	usr/share/graphics/splash/Black_800x480.jpg		image-380000/usr/share/graphics/splash/Black_800x480.jpg
image-380000	file	100666	375	41307071	15978	9e3552c0	usr/share/lua/service/bluetooth/callManagementCtlr.lua		image-380000/usr/share/lua/service/bluetooth/callManagementCtlr.lua
image-380000	file	100666	386	41323049	15943	f20a5ba3	usr/share/lua/service/bluetooth/phoneCtlr.lua		image-380000/usr/share/lua/service/bluetooth/phoneCtlr.lua
image-380000	file	100666	438	41338992	15061	f6352d96	usr/share/lua/socket/http.lua		image-380000/usr/share/lua/socket/http.lua
image-380000	file	100666	570	41354053	14556	d88205a2	usr/share/connmgr/TgtCtrl.lua		image-380000/usr/share/connmgr/TgtCtrl.lua
image-380000	file	100666	437	41368609	14289	7641a981	usr/share/lua/socket/ftp.lua		image-380000/usr/share/lua/socket/ftp.lua
image-380000	file	100444	454	41382898	13804	4bb8869d	usr/share/lua/service/swdlMediaDetect/loader.lua		image-380000/usr/share/lua/service/swdlMediaDetect/loader.lua
image-380000	file	100666	579	41396702	13190	a1b3e636	usr/share/connmgr/ITunCtrl.lua		image-380000/usr/share/connmgr/ITunCtrl.lua
image-380000	file	100444	558	41409892	12580	e22cbf3a	etc/system/config/connmgr_r0.json		image-380000/etc/system/config/connmgr_r0.json
image-380000	file	100666	413	41422472	12397	c700474a	usr/share/lua/service/toyotamanager/mediaClient.lua		image-380000/usr/share/lua/service/toyotamanager/mediaClient.lua
image-380000	file	100666	514	41434869	12071	8aca2102	etc/io_media_generic.conf		image-380000/etc/io_media_generic.conf
image-380000	file	100666	439	41446940	11297	3d8ac55a	usr/share/lua/socket/smtp.lua		image-380000/usr/share/lua/socket/smtp.lua
image-380000	file	100666	405	41458237	10159	d9ee6ced	usr/share/lua/service/toyotamanager/ams.lua		image-380000/usr/share/lua/service/toyotamanager/ams.lua
image-380000	file	100444	208	41468396	9932	9d913c0d	boot/scripts/secondary-boot.sh		image-380000/boot/scripts/secondary-boot.sh
image-380000	file	100666	358	41478328	9761	62fd1065	usr/share/lua/debugintrospection.lua		image-380000/usr/share/lua/debugintrospection.lua
image-380000	file	100666	355	41488089	9547	72ec7eb9	usr/share/lua/connmgr/Print.lua		image-380000/usr/share/lua/connmgr/Print.lua
image-380000	file	100666	374	41497636	9515	dfebf1e5	usr/share/lua/service/bluetooth/callbackCtlr.lua		image-380000/usr/share/lua/service/bluetooth/callbackCtlr.lua
image-380000	file	100666	441	41507151	9389	a70a41db	usr/share/lua/socket/url.lua		image-380000/usr/share/lua/socket/url.lua
image-380000	file	100666	383	41516540	9334	3fb958d9	usr/share/lua/service/bluetooth/main.lua		image-380000/usr/share/lua/service/bluetooth/main.lua
image-380000	file	100666	361	41525874	9245	405ae172	usr/share/lua/ltn12.lua		image-380000/usr/share/lua/ltn12.lua
image-380000	file	100666	416	41535119	9093	ecf267a2	usr/share/lua/service/toyotamanager/miscClient.lua		image-380000/usr/share/lua/service/toyotamanager/miscClient.lua
image-380000	file	100444	453	41544212	9056	e71e71da	usr/share/lua/onoff/init.lua		image-380000/usr/share/lua/onoff/init.lua
image-380000	file	100666	582	41553268	8886	1cb30321	usr/share/connmgr/PanConn.lua		image-380000/usr/share/connmgr/PanConn.lua
image-380000	file	100666	354	41562154	8819	539ab1c2	usr/share/lua/connmgr/IpUtils.lua		image-380000/usr/share/lua/connmgr/IpUtils.lua
image-380000	file	100444	517	41570973	8440	b211b372	etc/mme_data.sql		image-380000/etc/mme_data.sql
image-380000	file	100666	399	41579413	8429	35c8437b	usr/share/lua/service/SimpleHandsFree/HandsFreeAudio.lua		image-380000/usr/share/lua/service/SimpleHandsFree/HandsFreeAudio.lua
image-380000	file	100666	387	41587842	8421	b7fb0ba4	usr/share/lua/service/bluetooth/statusCtlr.lua		image-380000/usr/share/lua/service/bluetooth/statusCtlr.lua
image-380000	file	100444	522	41596263	8412	65cf2e0c	etc/DbVersion_recovery.txt		image-380000/etc/DbVersion_recovery.txt
image-380000	file	100444	455	41604675	8363	af7484fa	usr/share/lua/service/swdlMediaDetect/swdlMediaDetect.lua		image-380000/usr/share/lua/service/swdlMediaDetect/swdlMediaDetect.lua
image-380000	file	100666	460	41613038	8309	72b07c68	etc/version.txt		image-380000/etc/version.txt
image-380000	file	100666	426	41621347	8189	767cfb4c	usr/share/lua/service/toyotamanager/vrmanager.lua		image-380000/usr/share/lua/service/toyotamanager/vrmanager.lua
image-380000	file	100666	380	41629536	8158	8521d813	usr/share/lua/service/bluetooth/containers/device.lua		image-380000/usr/share/lua/service/bluetooth/containers/device.lua
image-380000	file	100666	568	41637694	7760	4421dd8f	usr/share/connmgr/EnetConn.lua		image-380000/usr/share/connmgr/EnetConn.lua
image-380000	file	100666	408	41645454	7459	a852963e	usr/share/lua/service/toyotamanager/deviceStatus.lua		image-380000/usr/share/lua/service/toyotamanager/deviceStatus.lua
image-380000	file	100666	352	41652913	7059	31148d3d	usr/share/lua/connmgr/BtUtils.lua		image-380000/usr/share/lua/connmgr/BtUtils.lua
image-380000	file	100444	200	41659972	6906	fbf4db7e	etc/fontconfig/fonts.dtd		image-380000/etc/fontconfig/fonts.dtd
image-380000	file	100666	410	41666878	6891	91b6c566	usr/share/lua/service/toyotamanager/framClient.lua		image-380000/usr/share/lua/service/toyotamanager/framClient.lua
image-380000	file	100666	578	41673769	6229	d1718fec	usr/share/connmgr/Overview_TcmHdlr.lua		image-380000/usr/share/connmgr/Overview_TcmHdlr.lua
image-380000	file	100666	392	41679998	6005	1937b905	usr/share/lua/service/diagnostics/micdiagnostics.lua		image-380000/usr/share/lua/service/diagnostics/micdiagnostics.lua
image-380000	file	100666	442	41686003	5865	af392bda	usr/share/lua/socket.lua		image-380000/usr/share/lua/socket.lua
image-380000	file	100666	576	41691868	5674	f21d88ba	usr/share/connmgr/Overview_CmHdlr.lua		image-380000/usr/share/connmgr/Overview_CmHdlr.lua
image-380000	file	100666	353	41697542	5392	4bedd0a5	usr/share/lua/connmgr/CallTree.lua		image-380000/usr/share/lua/connmgr/CallTree.lua
image-380000	file	100666	411	41702934	5267	c728e02	usr/share/lua/service/toyotamanager/hmiClient.lua		image-380000/usr/share/lua/service/toyotamanager/hmiClient.lua
image-380000	file	100666	444	41708201	5115	d64dec8d	usr/share/lua/ssl/https.lua		image-380000/usr/share/lua/ssl/https.lua
image-380000	file	100666	419	41713316	4934	717cfe68	usr/share/lua/service/toyotamanager/persistentscopes.lua		image-380000/usr/share/lua/service/toyotamanager/persistentscopes.lua
image-380000	file	100666	440	41718250	4821	f8928476	usr/share/lua/socket/tp.lua		image-380000/usr/share/lua/socket/tp.lua
image-380000	file	100444	521	41723071	4652	6dc471c3	etc/DbVersion.txt		image-380000/etc/DbVersion.txt
image-380000	file	100666	432	41727723	4647	b37c7d0e	usr/share/lua/service.lua		image-380000/usr/share/lua/service.lua
image-380000	file	100444	450	41732370	4432	a0f09d2d	usr/share/lua/updatestrings.lua		image-380000/usr/share/lua/updatestrings.lua
image-380000	file	100666	409	41736802	4347	10b836ed	usr/share/lua/service/toyotamanager/filecopy.lua		image-380000/usr/share/lua/service/toyotamanager/filecopy.lua
image-380000	file	100666	515	41741149	4200	ac7b6339	etc/ipod.cfg		image-380000/etc/ipod.cfg
image-380000	file	100666	581	41745349	4184	fad1a91e	usr/share/connmgr/PppTrafficMon.lua		image-380000/usr/share/connmgr/PppTrafficMon.lua
image-380000	file	100444	530	41749533	4125	fe113089	etc/services		image-380000/etc/services
image-16e0000	directory	40755	1	0	0	0			
image-16e0000	directory	40777	11	0	0	0	usr/lib/handsfree		
image-16e0000	file	100444	65	3836	257	4a40851e	etc/system/config/wifiSvc.cfg		image-16e0000/etc/system/config/wifiSvc.cfg
image-16e0000	file	100555	3221225474	4096	13624	eaa2ea13	usr/lib/librawDosLib.so.1		image-16e0000/usr/lib/librawDosLib.so.1
image-16e0000	file	100444	52	17720	2733	aebdf44	etc/inetd.conf		image-16e0000/etc/inetd.conf
image-16e0000	symlink	120555	3221225475	0	0	0	usr/lib/librawDosLib.so	librawDosLib.so.1	
image-16e0000	file	100555	3221225476	20480	20576	f9aa282f	usr/lib/libVAD.so.1		image-16e0000/usr/lib/libVAD.so.1
image-16e0000	file	100444	25	41056	3786	21dc265f	boot/scripts/dbservice_recovery.sh		image-16e0000/boot/scripts/dbservice_recovery.sh
image-16e0000	file	100444	62	44842	204	b26242a7	etc/system/config/wavePrompter.conf		image-16e0000/etc/system/config/wavePrompter.conf
image-16e0000	symlink	120555	3221225477	0	0	0	usr/lib/libVAD.so	libVAD.so.1	
image-16e0000	file	100555	3221225478	45056	13692	a22e89fd	usr/lib/libgetopt_speex.so		image-16e0000/usr/lib/libgetopt_speex.so
image-16e0000	file	100444	18	58748	2251	5c695096	boot/scripts/bluetooth.sh		image-16e0000/boot/scripts/bluetooth.sh
image-16e0000	file	100444	64	60999	174	dc1dc76	etc/system/config/sideStreamer.conf		image-16e0000/etc/system/config/sideStreamer.conf
image-16e0000	file	100444	61	61173	31	d5727f75	etc/system/config/pgetty.cfg		image-16e0000/etc/system/config/pgetty.cfg
image-16e0000	file	100555	3221225479	61440	164688	1663fe87	usr/lib/libspeex.so.1		image-16e0000/usr/lib/libspeex.so.1
image-16e0000	file	100444	57	226128	2936	5acc2253	etc/wicome/pf.conf		image-16e0000/etc/wicome/pf.conf
image-16e0000	symlink	120555	3221225480	0	0	0	usr/lib/libspeex.so	libspeex.so.1	
image-16e0000	file	100555	3221225481	229376	23788	a8441257	usr/lib/libiow.so.1		image-16e0000/usr/lib/libiow.so.1
image-16e0000	file	100444	24	253164	568	15109129	boot/scripts/runacpclient.sh		image-16e0000/boot/scripts/runacpclient.sh
image-16e0000	symlink	120555	3221225482	0	0	0	usr/lib/libiow.so	libiow.so.1	
image-16e0000	file	100555	3221225484	253952	18921	1f90ecb0	usr/lib/handsfree/libpal_audio.so		image-16e0000/usr/lib/handsfree/libpal_audio.so
image-16e0000	file	100444	22	272873	1352	4d05a52a	boot/scripts/speech.sh		image-16e0000/boot/scripts/speech.sh
image-16e0000	file	100555	3221225485	274432	44856	865d5af2	usr/lib/handsfree/libpal_core.so		image-16e0000/usr/lib/handsfree/libpal_core.so
image-16e0000	file	100555	3221225486	319488	81886	70f075c7	usr/lib/handsfree/libpsse.so		image-16e0000/usr/lib/handsfree/libpsse.so
image-16e0000	file	100555	3221225487	401408	394366	9fbfcc52	usr/lib/handsfree/libsse_NEON.so		image-16e0000/usr/lib/handsfree/libsse_NEON.so
image-16e0000	file	100444	20	795774	1864	f3861e9e	boot/scripts/jvm.sh		image-16e0000/boot/scripts/jvm.sh
image-16e0000	file	100444	63	797638	1033	bbb7d76	etc/system/config/antiReadDisturbService.conf		image-16e0000/etc/system/config/antiReadDisturbService.conf
image-16e0000	symlink	120555	3221225488	0	0	0	usr/lib/handsfree/libsse.so	libsse_NEON.so	
image-16e0000	file	101555	2147483674	798720	18760	289c9d0c	sbin/mqueue		image-16e0000/sbin/mqueue
image-16e0000	file	100444	23	817480	1000	694808ac	boot/scripts/connectivity.sh		image-16e0000/boot/scripts/connectivity.sh
image-16e0000	file	100444	19	818480	551	f72ae633	boot/scripts/dumper.sh		image-16e0000/boot/scripts/dumper.sh
image-16e0000	file	101555	2147483675	819200	45171	235c99bc	usr/bin/ping		image-16e0000/usr/bin/ping
image-16e0000	file	100444	17	864371	850	4fafc056	boot/scripts/tertiary-boot.sh		image-16e0000/boot/scripts/tertiary-boot.sh
image-16e0000	file	101555	2147483676	868352	21398	236fec52	usr/bin/use		image-16e0000/usr/bin/use
image-16e0000	file	101555	2147483677	892928	37996	c6eadebb	usr/bin/wavePrompter		image-16e0000/usr/bin/wavePrompter
image-16e0000	file	101555	2147483678	933888	45241	f0f637c5	usr/bin/pdebug		image-16e0000/usr/bin/pdebug
image-16e0000	file	101555	2147483679	983040	57472	5e615bbe	usr/bin/psse		image-16e0000/usr/bin/psse
image-16e0000	file	101555	2147483680	1044480	83048	31aec6e8	usr/bin/dbustracemonitor		image-16e0000/usr/bin/dbustracemonitor
image-16e0000	file	101555	2147483681	1130496	15215	1ceb6124	usr/bin/pgetty		image-16e0000/usr/bin/pgetty
image-16e0000	file	101555	2147483682	1146880	206553	180dd433	usr/bin/picturescaler		image-16e0000/usr/bin/picturescaler
image-16e0000	file	101555	2147483683	1355776	46280	159f8f35	usr/bin/inetd		image-16e0000/usr/bin/inetd
image-16e0000	file	101555	2147483684	1404928	9027	428cc09	usr/bin/isendrecv		image-16e0000/usr/bin/isendrecv
image-16e0000	file	101555	2147483685	1417216	13795	e2ae14f8	usr/bin/imageReader		image-16e0000/usr/bin/imageReader
image-16e0000	file	101555	2147483686	1433600	18303	c2c04a3c	usr/bin/imageChecksumUtility		image-16e0000/usr/bin/imageChecksumUtility
image-16e0000	file	101555	2147483687	1454080	42752	3e26e3ef	usr/bin/antiReadDisturbService		image-16e0000/usr/bin/antiReadDisturbService
image-16e0000	file	101555	2147483688	1499136	26913	f3a00da5	usr/bin/image_rot_fixer		image-16e0000/usr/bin/image_rot_fixer
image-16e0000	file	101555	2147483689	1527808	227331	ff06de	usr/bin/mirrorLinkSvc		image-16e0000/usr/bin/mirrorLinkSvc
image-16e0000	file	101555	2147483690	1757184	17416	b78c7dbb	usr/bin/usb_hub_oc		image-16e0000/usr/bin/usb_hub_oc
image-16e0000	file	101555	2147483691	1777664	31208	4bfc4f48	usr/bin/SamSecurity		image-16e0000/usr/bin/SamSecurity
image-16e0000	file	101555	2147483692	1810432	396483	50cf2cdf	usr/bin/TMEClient		image-16e0000/usr/bin/TMEClient
image-16e0000	file	101555	2147483693	2207744	85036	1c8476d3	usr/bin/sideStreamer		image-16e0000/usr/bin/sideStreamer
image-16e0000	file	101555	2147483694	2293760	8252	6de8a095	usr/bin/hashCalc		image-16e0000/usr/bin/hashCalc
image-16e0000	file	101555	2147483695	2306048	798829	2f7d27a5	usr/bin/wicome/btservice		image-16e0000/usr/bin/wicome/btservice
image-16e0000	file	101555	2147483696	3108864	1105333	2b4fcf41	usr/bin/wicome/DbService		image-16e0000/usr/bin/wicome/DbService
image-16e0000	file	101555	2147483698	4214784	54719	a971b07d	usr/bin/wicome/WicomeSCP		image-16e0000/usr/bin/wicome/WicomeSCP
image-16e0000	file	101555	2147483699	4272128	616906	f40cb940	bin/wpa_supplicant		image-16e0000/bin/wpa_supplicant
image-16e0000	file	100444	53	4889034	249818	e3f5953b	etc/ssl/certs/ca-bundle.crt		image-16e0000/etc/ssl/certs/ca-bundle.crt
image-16e0000	file	100444	54	5138852	105472	c7888e0c	etc/wicome/DST.dbf		image-16e0000/etc/wicome/DST.dbf
image-16e0000	file	100444	49	5244324	47500	4e63fcfe	usr/bin/wicome/provcode.tab		image-16e0000/usr/bin/wicome/provcode.tab
image-16e0000	file	100444	58	5291824	26580	859bf721	etc/wicome/pf.os		image-16e0000/etc/wicome/pf.os
image-16e0000	file	100444	55	5318404	19447	cf5ff5dc	etc/wicome/hostapd.uap0.conf		image-16e0000/etc/wicome/hostapd.uap0.conf
image-16e0000	file	100444	56	5337851	19447	cf5ff5dc	etc/wicome/hostapd.wcl0.conf		image-16e0000/etc/wicome/hostapd.wcl0.conf
image-16e0000	file	100444	60	5357298	14169	d60206b5	etc/wicome/wicome_debug.cfg		image-16e0000/etc/wicome/wicome_debug.cfg
image-16e0000	file	100444	59	5371467	12794	24d725ce	etc/wicome/wicome.cfg		image-16e0000/etc/wicome/wicome.cfg
image-16e0000	file	100444	21	5384261	4621	ca06f1bb	boot/scripts/misc.sh		image-16e0000/boot/scripts/misc.sh
